,Unnamed: 0,Tarih,Åžimdi
0,0,01.04.2021,451.417
1,1,31.03.2021,453.452
2,2,30.03.2021,451.408
3,3,29.03.2021,454.985
4,4,28.03.2021,452.096
5,5,26.03.2021,451.077
6,6,25.03.2021,441.675
7,7,24.03.2021,441.768
8,8,23.03.2021,441.213
9,9,22.03.2021,438.02
10,10,21.03.2021,453.737
11,11,19.03.2021,404.981
12,12,18.03.2021,408.676
13,13,17.03.2021,421.584
14,14,16.03.2021,417.166
15,15,15.03.2021,419.227
16,16,14.03.2021,419.643
17,17,12.03.2021,420.247
18,18,11.03.2021,414.287
19,19,10.03.2021,416.676
20,20,09.03.2021,420.383
21,21,08.03.2021,420.742
22,22,07.03.2021,412.945
23,23,05.03.2021,411.865
24,24,04.03.2021,410.148
25,25,03.03.2021,410.334
26,26,02.03.2021,410.313
27,27,01.03.2021,403.758
28,28,28.02.2021,415.067
29,29,26.02.2021,414.315
30,30,25.02.2021,417.97
31,31,24.02.2021,415.498
32,32,23.02.2021,412.699
33,33,22.02.2021,408.708
34,34,21.02.2021,400.401
35,35,19.02.2021,399.326
36,36,18.02.2021,397.25
37,37,17.02.2021,398.704
38,38,16.02.2021,401.766
39,39,15.02.2021,407.156
40,40,14.02.2021,411.883
41,41,12.02.2021,413.019
42,42,11.02.2021,412.841
43,43,10.02.2021,417.975
44,44,09.02.2021,417.169
45,45,08.02.2021,416.778
46,46,07.02.2021,412.752
47,47,05.02.2021,411.545
48,48,04.02.2021,412.12
49,49,03.02.2021,422.275
50,50,02.02.2021,425.041
51,51,01.02.2021,429.601
52,52,31.01.2021,434.587
53,53,29.01.2021,434.835
54,54,28.01.2021,435.737
55,55,27.01.2021,437.591
56,56,26.01.2021,437.588
57,57,25.01.2021,442.199
58,58,24.01.2021,443.023
59,59,22.01.2021,442.713
60,60,21.01.2021,443.081
61,61,20.01.2021,445.797
62,62,19.01.2021,442.214
63,63,18.01.2021,442.215
64,64,17.01.2021,434.466
65,65,15.01.2021,439.492
66,66,14.01.2021,437.792
67,67,13.01.2021,439.808
68,68,12.01.2021,445.33
69,69,11.01.2021,444.122
70,70,10.01.2021,436.565
71,71,08.01.2021,438.559
72,72,07.01.2021,451.96
73,73,06.01.2021,452.108
74,74,05.01.2021,463.415
75,75,04.01.2021,463.778
76,76,03.01.2021,458.086
77,77,01.01.2021,454.099
78,78,31.12.2020,454.121
79,79,30.12.2020,449.826
80,80,29.12.2020,446.612
81,81,28.12.2020,449.375
82,82,27.12.2020,460.181
83,83,25.12.2020,456.089
84,84,24.12.2020,457.399
85,85,23.12.2020,460.38
86,86,22.12.2020,459.176
87,87,21.12.2020,462.209
88,88,20.12.2020,464.079
89,89,18.12.2020,461.471
90,90,17.12.2020,466.468
91,91,16.12.2020,467.456
92,92,15.12.2020,466.633
93,93,14.12.2020,461.512
94,94,13.12.2020,464.474
95,95,11.12.2020,464.921
96,96,10.12.2020,465.927
97,97,09.12.2020,461.449
98,98,08.12.2020,469.871
99,99,07.12.2020,467.466
100,100,06.12.2020,460.517
101,101,04.12.2020,461.371
102,102,03.12.2020,460.552
103,103,02.12.2020,462.318
104,104,01.12.2020,455.749
105,105,30.11.2020,447.834
106,106,29.11.2020,450.782
107,107,27.11.2020,450.681
108,108,26.11.2020,458.39
109,109,25.11.2020,461.973
110,110,24.11.2020,465.21
111,111,23.11.2020,465.441
112,112,22.11.2020,459.739
113,113,20.11.2020,459.042
114,114,19.11.2020,451.539
115,115,18.11.2020,464.379
116,116,17.11.2020,466.377
117,117,16.11.2020,467.857
118,118,15.11.2020,468.466
119,119,13.11.2020,466.096
120,120,12.11.2020,463.73
121,121,11.11.2020,467.898
122,122,10.11.2020,494.0
123,123,09.11.2020,487.689
124,124,08.11.2020,531.615
125,125,06.11.2020,534.981
126,126,05.11.2020,527.284
127,127,04.11.2020,517.357
128,128,03.11.2020,519.466
129,129,02.11.2020,514.184
130,130,01.11.2020,505.256
131,131,30.10.2020,506.603
132,132,29.10.2020,499.21
133,133,28.10.2020,500.0
134,134,27.10.2020,502.206
135,135,26.10.2020,494.961
136,136,25.10.2020,486.881
137,137,23.10.2020,487.167
138,138,22.10.2020,486.719
139,139,21.10.2020,482.559
140,140,20.10.2020,483.113
141,141,19.10.2020,482.159
142,142,18.10.2020,483.828
143,143,16.10.2020,484.609
144,144,15.10.2020,486.401
145,145,14.10.2020,482.836
146,146,13.10.2020,482.516
147,147,12.10.2020,488.32
148,148,11.10.2020,487.259
149,149,09.10.2020,487.69
150,150,08.10.2020,484.186
151,151,07.10.2020,478.106
152,152,06.10.2020,471.493
153,153,05.10.2020,477.414
154,154,04.10.2020,475.051
155,155,02.10.2020,474.836
156,156,01.10.2020,474.216
157,157,30.09.2020,468.68
158,158,29.09.2020,476.68
159,159,28.09.2020,472.216
160,160,27.09.2020,459.233
161,161,25.09.2020,458.897
162,162,24.09.2020,457.619
163,163,23.09.2020,459.553
164,164,22.09.2020,469.76
165,165,21.09.2020,470.661
166,166,20.09.2020,473.875
167,167,18.09.2020,474.408
168,168,17.09.2020,473.022
169,169,16.09.2020,472.504
170,170,15.09.2020,470.561
171,171,14.09.2020,471.222
172,172,13.09.2020,467.065
173,173,11.09.2020,466.383
174,174,10.09.2020,465.435
175,175,09.09.2020,468.261
176,176,08.09.2020,464.594
177,177,07.09.2020,463.076
178,178,06.09.2020,463.077
179,179,04.09.2020,463.13
180,180,03.09.2020,461.176
181,181,02.09.2020,461.229
182,182,01.09.2020,467.263
183,183,31.08.2020,465.535
184,184,30.08.2020,465.169
185,185,28.08.2020,463.046
186,186,27.08.2020,456.115
187,187,26.08.2020,462.513
188,188,25.08.2020,459.056
189,189,24.08.2020,457.935
190,190,23.08.2020,456.349
191,191,21.08.2020,457.779
192,192,20.08.2020,458.377
193,193,19.08.2020,451.467
194,194,18.08.2020,475.431
195,195,17.08.2020,470.944
196,196,16.08.2020,458.053
197,197,14.08.2020,460.936
198,198,13.08.2020,462.37
199,199,12.08.2020,452.968
200,200,11.08.2020,444.175
201,201,10.08.2020,478.257
202,202,09.08.2020,476.207
203,203,07.08.2020,475.44
204,204,06.08.2020,481.64
205,205,05.08.2020,461.966
206,206,04.08.2020,452.583
207,207,03.08.2020,442.391
208,208,02.08.2020,444.492
209,209,31.07.2020,442.907
210,210,30.07.2020,439.002
211,211,29.07.2020,440.848
212,212,28.07.2020,436.711
213,213,27.07.2020,435.039
214,214,26.07.2020,421.224
215,215,24.07.2020,418.478
216,216,23.07.2020,414.894
217,217,22.07.2020,411.579
218,218,21.07.2020,404.762
219,219,20.07.2020,400.768
220,220,19.07.2020,398.832
221,221,17.07.2020,399.204
222,222,16.07.2020,396.58
223,223,15.07.2020,399.822
224,224,14.07.2020,399.417
225,225,13.07.2020,397.586
226,226,12.07.2020,397.287
227,227,10.07.2020,397.163
228,228,09.07.2020,398.07
229,229,08.07.2020,399.005
230,230,07.07.2020,395.738
231,231,06.07.2020,393.954
232,232,05.07.2020,391.829
233,233,03.07.2020,391.889
234,234,02.07.2020,391.242
235,235,01.07.2020,389.329
236,236,30.06.2020,392.809
237,237,29.06.2020,390.765
238,238,28.06.2020,390.344
239,239,26.06.2020,390.459
240,240,25.06.2020,389.191
241,241,24.06.2020,388.429
242,242,23.06.2020,389.484
243,243,22.06.2020,386.41
244,244,21.06.2020,385.287
245,245,19.06.2020,383.928
246,246,18.06.2020,379.996
247,247,17.06.2020,379.912
248,248,16.06.2020,379.525
249,249,15.06.2020,378.441
250,250,14.06.2020,379.877
251,251,12.06.2020,379.229
252,252,11.06.2020,379.727
253,253,10.06.2020,378.099
254,254,09.06.2020,374.303
255,255,08.06.2020,370.039
256,256,07.06.2020,365.807
257,257,05.06.2020,367.118
258,258,04.06.2020,371.898
259,259,03.06.2020,367.9
260,260,02.06.2020,372.36
261,261,01.06.2020,381.553
262,262,31.05.2020,381.189
263,263,29.05.2020,379.04
264,264,28.05.2020,377.346
265,265,27.05.2020,373.018
266,266,26.05.2020,370.968
267,267,25.05.2020,378.337
268,268,24.05.2020,378.988
269,269,22.05.2020,380.011
270,270,21.05.2020,376.892
271,271,20.05.2020,381.283
272,272,19.05.2020,380.911
273,273,18.05.2020,383.622
274,274,17.05.2020,389.615
275,275,15.05.2020,386.699
276,276,14.05.2020,385.914
277,277,13.05.2020,385.245
278,278,12.05.2020,382.953
279,279,11.05.2020,385.692
280,280,10.05.2020,389.422
281,281,08.05.2020,387.869
282,282,07.05.2020,391.29
283,283,06.05.2020,391.174
284,284,05.05.2020,388.141
285,285,04.05.2020,386.161
286,286,03.05.2020,383.668
287,287,01.05.2020,383.74
288,288,30.04.2020,379.43
289,289,29.04.2020,383.093
290,290,28.04.2020,383.076
291,291,27.04.2020,384.019
292,292,26.04.2020,386.503
293,293,24.04.2020,386.98
294,294,23.04.2020,386.614
295,295,22.04.2020,384.184
296,296,21.04.2020,378.573
297,297,20.04.2020,377.447
298,298,19.04.2020,372.088
299,299,17.04.2020,375.094
300,300,16.04.2020,381.891
301,301,15.04.2020,380.865
302,302,14.04.2020,378.413
303,303,13.04.2020,374.234
304,304,12.04.2020,364.675
305,305,09.04.2020,361.43
306,306,08.04.2020,358.812
307,307,07.04.2020,358.571
308,308,06.04.2020,362.22
309,309,05.04.2020,351.136
310,310,03.04.2020,350.141
311,311,02.04.2020,344.143
312,312,01.04.2020,343.381
313,313,31.03.2020,335.908
314,314,30.03.2020,341.589
315,315,29.03.2020,338.261
316,316,27.03.2020,337.217
317,317,26.03.2020,334.688
318,318,25.03.2020,332.446
319,319,24.03.2020,338.323
320,320,23.03.2020,329.885
321,321,22.03.2020,314.856
322,322,20.03.2020,315.557
323,323,19.03.2020,309.735
324,324,18.03.2020,311.937
325,325,17.03.2020,316.469
326,326,16.03.2020,311.548
327,327,15.03.2020,315.138
328,328,13.03.2020,311.42
329,329,12.03.2020,320.294
330,330,11.03.2020,328.295
331,331,10.03.2020,328.036
332,332,09.03.2020,329.898
333,333,08.03.2020,334.901
334,334,06.03.2020,328.329
335,335,05.03.2020,328.71
336,336,04.03.2020,320.046
337,337,03.03.2020,323.495
338,338,02.03.2020,315.91
339,339,01.03.2020,318.573
340,340,28.02.2020,318.226
341,341,27.02.2020,328.557
342,342,26.02.2020,325.62
343,343,25.02.2020,324.164
344,344,24.02.2020,325.291
345,345,23.02.2020,327.415
346,346,21.02.2020,322.265
347,347,20.02.2020,318.313
348,348,19.02.2020,315.022
349,349,18.02.2020,312.161
350,350,17.02.2020,308.048
351,351,16.02.2020,308.277
352,352,14.02.2020,308.493
353,353,13.02.2020,306.409
354,354,12.02.2020,305.121
355,355,11.02.2020,303.229
356,356,10.02.2020,303.626
357,357,09.02.2020,303.254
358,358,07.02.2020,303.577
359,359,06.02.2020,301.471
360,360,05.02.2020,299.297
361,361,04.02.2020,298.803
362,362,03.02.2020,303.807
363,363,02.02.2020,305.546
364,364,31.01.2020,305.612
365,365,30.01.2020,302.75
366,366,29.01.2020,302.245
367,367,28.01.2020,299.657
368,368,27.01.2020,302.134
369,369,26.01.2020,302.591
370,370,24.01.2020,300.083
371,371,23.01.2020,297.615
372,372,22.01.2020,297.299
373,373,21.01.2020,296.996
374,374,20.01.2020,296.889
375,375,19.01.2020,295.09
376,376,17.01.2020,294.737
377,377,16.01.2020,292.307
378,378,15.01.2020,294.102
379,379,14.01.2020,293.32
380,380,13.01.2020,291.424
381,381,12.01.2020,294.694
382,382,10.01.2020,295.234
383,383,09.01.2020,293.54
384,384,08.01.2020,296.072
385,385,07.01.2020,306.494
386,386,06.01.2020,300.177
387,387,05.01.2020,301.218
388,388,03.01.2020,297.96
389,389,02.01.2020,292.842
390,390,01.01.2020,290.352
391,391,31.12.2019,290.32
392,392,30.12.2019,289.774
393,393,29.12.2019,289.525
394,394,27.12.2019,289.095
395,395,26.12.2019,288.258
396,396,25.12.2019,286.302
397,397,24.12.2019,286.81
398,398,23.12.2019,284.074
399,399,22.12.2019,282.303
400,400,20.12.2019,282.251
401,401,19.12.2019,282.43
402,402,18.12.2019,281.133
403,403,17.12.2019,279.28
404,404,16.12.2019,277.488
405,405,15.12.2019,275.382
406,406,13.12.2019,275.68
407,407,12.12.2019,271.966
408,408,11.12.2019,275.126
409,409,10.12.2019,273.279
410,410,09.12.2019,272.989
411,411,08.12.2019,271.366
412,412,06.12.2019,271.347
413,413,05.12.2019,272.85
414,414,04.12.2019,272.733
415,415,03.12.2019,272.678
416,416,02.12.2019,270.049
417,417,01.12.2019,270.225
418,418,29.11.2019,270.543
419,419,28.11.2019,269.663
420,420,27.11.2019,270.77
421,421,26.11.2019,270.537
422,422,25.11.2019,268.414
423,423,24.11.2019,268.426
424,424,22.11.2019,268.573
425,425,21.11.2019,268.451
426,426,20.11.2019,270.225
427,427,19.11.2019,270.39
428,428,18.11.2019,271.26
429,429,17.11.2019,271.447
430,430,15.11.2019,271.22
431,431,14.11.2019,271.702
432,432,13.11.2019,270.898
433,433,12.11.2019,270.759
434,434,11.11.2019,270.124
435,435,10.11.2019,270.937
436,436,08.11.2019,270.559
437,437,07.11.2019,271.705
438,438,06.11.2019,275.603
439,439,05.11.2019,274.654
440,440,04.11.2019,277.817
441,441,03.11.2019,277.566
442,442,01.11.2019,278.295
443,443,31.10.2019,277.711
444,444,30.10.2019,274.174
445,445,29.10.2019,275.026
446,446,28.10.2019,274.805
447,447,27.10.2019,279.177
448,448,25.10.2019,279.357
449,449,24.10.2019,278.651
450,450,23.10.2019,275.286
451,451,22.10.2019,277.759
452,452,21.10.2019,279.609
453,453,20.10.2019,278.098
454,454,18.10.2019,277.472
455,455,17.10.2019,279.274
456,456,16.10.2019,281.907
457,457,15.10.2019,282.276
458,458,14.10.2019,284.319
459,459,13.10.2019,281.407
460,460,11.10.2019,281.608
461,461,10.10.2019,280.772
462,462,09.10.2019,285.625
463,463,08.10.2019,283.129
464,464,07.10.2019,280.185
465,465,06.10.2019,277.038
466,466,04.10.2019,275.455
467,467,03.10.2019,276.232
468,468,02.10.2019,275.102
469,469,01.10.2019,272.479
470,470,30.09.2019,267.683
471,471,29.09.2019,272.682
472,472,27.09.2019,272.992
473,473,26.09.2019,274.664
474,474,25.09.2019,274.874
475,475,24.09.2019,280.557
476,476,23.09.2019,279.626
477,477,22.09.2019,279.479
478,478,20.09.2019,279.997
479,479,19.09.2019,275.762
480,480,18.09.2019,272.425
481,481,17.09.2019,275.178
482,482,16.09.2019,275.969
483,483,15.09.2019,277.347
484,484,13.09.2019,272.207
485,485,12.09.2019,272.69
486,486,11.09.2019,276.117
487,487,10.09.2019,275.857
488,488,09.09.2019,276.393
489,489,08.09.2019,276.331
490,490,06.09.2019,276.815
491,491,05.09.2019,277.956
492,492,04.09.2019,282.998
493,493,03.09.2019,285.21
494,494,02.09.2019,284.976
495,495,01.09.2019,287.011
496,496,30.08.2019,285.284
497,497,29.08.2019,286.747
498,498,28.08.2019,288.095
499,499,27.08.2019,289.369
500,500,26.08.2019,286.424
501,501,25.08.2019,289.853
502,502,23.08.2019,282.344
503,503,22.08.2019,277.785
504,504,21.08.2019,276.656
505,505,20.08.2019,277.667
506,506,19.08.2019,271.763
507,507,18.08.2019,271.151
508,508,16.08.2019,271.573
509,509,15.08.2019,273.473
510,510,14.08.2019,273.732
511,511,13.08.2019,268.984
512,512,12.08.2019,270.502
513,513,11.08.2019,265.282
514,514,09.08.2019,264.388
515,515,08.08.2019,265.266
516,516,07.08.2019,265.183
517,517,06.08.2019,262.501
518,518,05.08.2019,264.923
519,519,04.08.2019,256.898
520,520,02.08.2019,257.508
521,521,01.08.2019,259.168
522,522,31.07.2019,253.373
523,523,30.07.2019,255.767
524,524,29.07.2019,257.339
525,525,28.07.2019,258.335
526,526,26.07.2019,258.495
527,527,25.07.2019,259.415
528,528,24.07.2019,261.83
529,529,23.07.2019,260.701
530,530,22.07.2019,259.663
531,531,21.07.2019,259.187
532,532,19.07.2019,259.198
533,533,18.07.2019,260.924
534,534,17.07.2019,260.327
535,535,16.07.2019,258.175
536,536,15.07.2019,259.925
537,537,14.07.2019,260.88
538,538,12.07.2019,260.468
539,539,11.07.2019,256.964
540,540,10.07.2019,260.045
541,541,09.07.2019,256.986
542,542,08.07.2019,257.044
543,543,07.07.2019,257.685
544,544,05.07.2019,253.192
545,545,04.07.2019,255.903
546,546,03.07.2019,256.448
547,547,02.07.2019,260.118
548,548,01.07.2019,251.815
549,549,30.06.2019,256.955
550,550,28.06.2019,262.308
551,551,27.06.2019,261.91
552,552,26.06.2019,261.762
553,553,25.06.2019,264.348
554,554,24.06.2019,265.928
555,555,23.06.2019,260.805
556,556,21.06.2019,261.81
557,557,20.06.2019,257.806
558,558,19.06.2019,253.082
559,559,18.06.2019,252.17
560,560,17.06.2019,253.009
561,561,16.06.2019,254.673
562,562,14.06.2019,254.41
563,563,13.06.2019,254.023
564,564,12.06.2019,249.392
565,565,11.06.2019,247.849
566,566,10.06.2019,247.595
567,567,09.06.2019,250.809
568,568,07.06.2019,251.369
569,569,06.06.2019,248.379
570,570,05.06.2019,244.803
571,571,04.06.2019,246.154
572,572,03.06.2019,248.656
573,573,02.06.2019,246.699
574,574,31.05.2019,245.123
575,575,30.05.2019,245.359
576,576,29.05.2019,247.762
577,577,28.05.2019,248.221
578,578,27.05.2019,250.79
579,579,26.05.2019,251.193
580,580,24.05.2019,251.245
581,581,23.05.2019,252.657
582,582,22.05.2019,250.856
583,583,21.05.2019,248.577
584,584,20.05.2019,247.551
585,585,19.05.2019,249.055
586,586,17.05.2019,248.965
587,587,16.05.2019,250.4
588,588,15.05.2019,250.77
589,589,14.05.2019,251.926
590,590,13.05.2019,255.158
591,591,12.05.2019,248.017
592,592,10.05.2019,247.524
593,593,09.05.2019,254.243
594,594,08.05.2019,253.846
595,595,07.05.2019,254.443
596,596,06.05.2019,251.222
597,597,05.05.2019,247.179
598,598,03.05.2019,245.243
599,599,02.05.2019,243.785
600,600,01.05.2019,244.804
601,601,30.04.2019,246.124
602,602,29.04.2019,244.995
603,603,28.04.2019,245.805
604,604,26.04.2019,245.448
605,605,25.04.2019,245.008
606,606,24.04.2019,241.308
607,607,23.04.2019,238.681
608,608,22.04.2019,238.893
609,609,21.04.2019,239.191
610,610,18.04.2019,238.097
611,611,17.04.2019,235.937
612,612,16.04.2019,237.641
613,613,15.04.2019,240.482
614,614,14.04.2019,239.956
615,615,12.04.2019,239.666
616,616,11.04.2019,238.353
617,617,10.04.2019,239.006
618,618,09.04.2019,238.452
619,619,08.04.2019,237.55
620,620,07.04.2019,234.182
621,621,05.04.2019,233.488
622,622,04.04.2019,232.959
623,623,03.04.2019,233.553
624,624,02.04.2019,233.304
625,625,01.04.2019,228.34
626,626,31.03.2019,232.572
627,627,29.03.2019,231.719
628,628,28.03.2019,231.353
629,629,27.03.2019,227.143
630,630,26.03.2019,227.111
631,631,25.03.2019,236.324
632,632,24.03.2019,239.992
633,633,22.03.2019,243.301
634,634,21.03.2019,230.056
635,635,20.03.2019,229.589
636,636,19.03.2019,229.991
637,637,18.03.2019,229.166
638,638,17.03.2019,227.897
639,639,15.03.2019,227.944
640,640,14.03.2019,227.985
641,641,13.03.2019,229.915
642,642,12.03.2019,228.406
643,643,11.03.2019,225.833
644,644,10.03.2019,226.672
645,645,08.03.2019,227.079
646,646,07.03.2019,225.758
647,647,06.03.2019,224.954
648,648,05.03.2019,223.11
649,649,04.03.2019,223.166
650,650,03.03.2019,223.749
651,651,01.03.2019,223.543
652,652,28.02.2019,225.781
653,653,27.02.2019,225.7
654,654,26.02.2019,226.713
655,655,25.02.2019,226.465
656,656,24.02.2019,227.214
657,657,22.02.2019,227.047
658,658,21.02.2019,226.915
659,659,20.02.2019,229.646
660,660,19.02.2019,227.612
661,661,18.02.2019,226.003
662,662,17.02.2019,224.546
663,663,15.02.2019,223.892
664,664,14.02.2019,222.592
665,665,13.02.2019,222.157
666,666,12.02.2019,221.286
667,667,11.02.2019,222.043
668,668,10.02.2019,221.867
669,669,08.02.2019,221.604
670,670,07.02.2019,222.241
671,671,06.02.2019,219.29
672,672,05.02.2019,219.986
673,673,04.02.2019,220.035
674,674,03.02.2019,220.926
675,675,01.02.2019,220.629
676,676,31.01.2019,220.086
677,677,30.01.2019,221.949
678,678,29.01.2019,223.757
679,679,28.01.2019,223.187
680,680,27.01.2019,220.296
681,681,25.01.2019,220.653
682,682,24.01.2019,217.038
683,683,23.01.2019,218.402
684,684,22.01.2019,220.614
685,685,21.01.2019,219.15
686,686,20.01.2019,219.731
687,687,18.01.2019,219.606
688,688,17.01.2019,222.693
689,689,16.01.2019,222.263
690,690,15.01.2019,225.725
691,691,14.01.2019,226.832
692,692,13.01.2019,227.026
693,693,11.01.2019,225.674
694,694,10.01.2019,224.845
695,695,09.01.2019,227.585
696,696,08.01.2019,226.541
697,697,07.01.2019,223.128
698,698,06.01.2019,219.974
699,699,04.01.2019,220.129
700,700,03.01.2019,227.975
701,701,02.01.2019,227.947
702,702,01.01.2019,217.944
703,703,31.12.2018,218.191
704,704,30.12.2018,217.375
705,705,28.12.2018,217.326
706,706,27.12.2018,217.116
707,707,26.12.2018,215.454
708,708,25.12.2018,215.387
709,709,24.12.2018,216.017
710,710,23.12.2018,215.22
711,711,21.12.2018,214.477
712,712,20.12.2018,213.631
713,713,19.12.2018,211.955
714,714,18.12.2018,214.48
715,715,17.12.2018,215.3
716,716,16.12.2018,213.768
717,717,14.12.2018,213.503
718,718,13.12.2018,213.583
719,719,12.12.2018,214.271
720,720,11.12.2018,214.239
721,721,10.12.2018,213.19
722,722,09.12.2018,213.764
723,723,07.12.2018,212.978
724,724,06.12.2018,212.397
725,725,05.12.2018,212.152
726,726,04.12.2018,214.644
727,727,03.12.2018,207.952
728,728,02.12.2018,204.08
729,729,30.11.2018,204.97
730,730,29.11.2018,203.544
731,731,28.11.2018,204.923
732,732,27.11.2018,205.511
733,733,26.11.2018,206.248
734,734,25.11.2018,208.491
735,735,23.11.2018,207.604
736,736,22.11.2018,209.129
737,737,21.11.2018,209.691
738,738,20.11.2018,211.522
739,739,19.11.2018,209.121
740,740,18.11.2018,209.979
741,741,16.11.2018,209.498
742,742,15.11.2018,210.582
743,743,14.11.2018,212.768
744,744,13.11.2018,211.85
745,745,12.11.2018,211.56
746,746,11.11.2018,212.688
747,747,09.11.2018,212.461
748,748,08.11.2018,214.802
749,749,07.11.2018,211.539
750,750,06.11.2018,211.675
751,751,05.11.2018,210.647
752,752,04.11.2018,215.488
753,753,02.11.2018,215.209
754,754,01.11.2018,218.994
755,755,31.10.2018,218.344
756,756,30.10.2018,215.532
757,757,29.10.2018,219.894
758,758,28.10.2018,221.591
759,759,26.10.2018,221.822
760,760,25.10.2018,223.186
761,761,24.10.2018,226.589
762,762,23.10.2018,227.623
763,763,22.10.2018,222.707
764,764,21.10.2018,222.972
765,765,19.10.2018,222.34
766,766,18.10.2018,222.111
767,767,17.10.2018,219.921
768,768,16.10.2018,224.257
769,769,15.10.2018,227.971
770,770,14.10.2018,231.125
771,771,12.10.2018,229.998
772,772,11.10.2018,232.502
773,773,10.10.2018,233.392
774,774,09.10.2018,233.57
775,775,08.10.2018,234.058
776,776,07.10.2018,238.61
777,777,05.10.2018,236.853
778,778,04.10.2018,238.425
779,779,03.10.2018,233.353
780,780,02.10.2018,232.25
781,781,01.10.2018,227.057
782,782,30.09.2018,231.444
783,783,28.09.2018,232.035
784,784,27.09.2018,228.648
785,785,26.09.2018,235.109
786,786,25.09.2018,239.204
787,787,24.09.2018,237.443
788,788,23.09.2018,242.975
789,789,21.09.2018,242.677
790,790,20.09.2018,241.598
791,791,19.09.2018,242.052
792,792,18.09.2018,246.908
793,793,17.09.2018,243.833
794,794,16.09.2018,236.433
795,795,14.09.2018,236.759
796,796,13.09.2018,236.87
797,797,12.09.2018,246.271
798,798,11.09.2018,247.866
799,799,10.09.2018,248.641
800,800,09.09.2018,247.018
801,801,07.09.2018,246.472
802,802,06.09.2018,254.559
803,803,05.09.2018,253.515
804,804,04.09.2018,255.694
805,805,03.09.2018,256.216
806,806,02.09.2018,253.82
807,807,31.08.2018,252.648
808,808,30.08.2018,259.826
809,809,29.08.2018,251.191
810,810,28.08.2018,242.243
811,811,27.08.2018,240.056
812,812,26.08.2018,232.515
813,813,24.08.2018,233.09
814,814,23.08.2018,232.102
815,815,22.08.2018,231.735
816,816,21.08.2018,233.328
817,817,20.08.2018,233.671
818,818,19.08.2018,228.658
819,819,17.08.2018,229.627
820,820,16.08.2018,220.951
821,821,15.08.2018,225.709
822,822,14.08.2018,244.778
823,823,13.08.2018,266.64
824,824,12.08.2018,263.068
825,825,10.08.2018,250.094
826,826,09.08.2018,216.471
827,827,08.08.2018,207.116
828,828,07.08.2018,205.129
829,829,06.08.2018,204.506
830,830,05.08.2018,199.227
831,831,03.08.2018,198.249
832,832,02.08.2018,197.845
833,833,01.08.2018,195.141
834,834,31.07.2018,193.569
835,835,30.07.2018,192.049
836,836,29.07.2018,190.905
837,837,27.07.2018,190.714
838,838,26.07.2018,191.716
839,839,25.07.2018,190.244
840,840,24.07.2018,192.255
841,841,23.07.2018,186.513
842,842,22.07.2018,189.49
843,843,20.07.2018,189.632
844,844,19.07.2018,189.193
845,845,18.07.2018,189.354
846,846,17.07.2018,189.503
847,847,16.07.2018,193.621
848,848,15.07.2018,193.816
849,849,13.07.2018,193.831
850,850,12.07.2018,195.044
851,851,11.07.2018,195.446
852,852,10.07.2018,190.416
853,853,09.07.2018,191.475
854,854,08.07.2018,185.002
855,855,06.07.2018,184.572
856,856,05.07.2018,186.288
857,857,04.07.2018,188.961
858,858,03.07.2018,188.636
859,859,02.07.2018,184.276
860,860,01.07.2018,185.215
861,861,29.06.2018,184.746
862,862,28.06.2018,184.368
863,863,27.06.2018,186.2
864,864,26.06.2018,186.681
865,865,25.06.2018,190.825
866,866,24.06.2018,188.496
867,867,22.06.2018,191.062
868,868,21.06.2018,193.118
869,869,20.06.2018,193.688
870,870,19.06.2018,194.365
871,871,18.06.2018,193.973
872,872,17.06.2018,195.287
873,873,15.06.2018,194.589
874,874,14.06.2018,198.522
875,875,13.06.2018,194.788
876,876,12.06.2018,191.107
877,877,11.06.2018,188.718
878,878,10.06.2018,187.3
879,879,08.06.2018,186.612
880,880,07.06.2018,186.906
881,881,06.06.2018,190.214
882,882,05.06.2018,191.533
883,883,04.06.2018,190.425
884,884,03.06.2018,193.162
885,885,01.06.2018,193.668
886,886,31.05.2018,189.298
887,887,30.05.2018,187.17
888,888,29.05.2018,191.078
889,889,28.05.2018,191.287
890,890,27.05.2018,196.464
891,891,25.05.2018,196.855
892,892,24.05.2018,199.51
893,893,23.05.2018,190.559
894,894,22.05.2018,196.961
895,895,21.05.2018,190.368
896,896,20.05.2018,186.793
897,897,18.05.2018,186.755
898,898,17.05.2018,184.983
899,899,16.05.2018,184.011
900,900,15.05.2018,185.167
901,901,14.05.2018,183.975
902,902,13.05.2018,183.069
903,903,11.05.2018,182.895
904,904,10.05.2018,180.033
905,905,09.05.2018,180.958
906,906,08.05.2018,184.142
907,907,07.05.2018,180.441
908,908,06.05.2018,179.369
909,909,04.05.2018,178.811
910,910,03.05.2018,178.308
911,911,02.05.2018,175.657
912,912,01.05.2018,172.459
913,913,30.04.2018,171.642
914,914,29.04.2018,172.517
915,915,27.04.2018,172.002
916,916,26.04.2018,172.473
917,917,25.04.2018,173.585
918,918,24.04.2018,175.058
919,919,23.04.2018,174.974
920,920,22.04.2018,174.839
921,921,20.04.2018,175.047
922,922,19.04.2018,174.938
923,923,18.04.2018,174.505
924,924,17.04.2018,177.199
925,925,16.04.2018,177.566
926,926,15.04.2018,176.859
927,927,13.04.2018,177.203
928,928,12.04.2018,177.032
929,929,11.04.2018,180.168
930,930,10.04.2018,177.347
931,931,09.04.2018,175.161
932,932,08.04.2018,173.438
933,933,06.04.2018,173.406
934,934,05.04.2018,173.305
935,935,04.04.2018,171.511
936,936,03.04.2018,171.09
937,937,02.04.2018,171.691
938,938,01.04.2018,168.725
939,939,29.03.2018,167.994
940,940,28.03.2018,171.184
941,941,27.03.2018,172.211
942,942,26.03.2018,172.545
943,943,25.03.2018,172.645
944,944,23.03.2018,172.61
945,945,22.03.2018,170.413
946,946,21.03.2018,167.446
947,947,20.03.2018,165.651
948,948,19.03.2018,167.034
949,949,18.03.2018,165.634
950,950,16.03.2018,165.583
951,951,15.03.2018,164.8
952,952,14.03.2018,165.392
953,953,13.03.2018,165.08
954,954,12.03.2018,163.78
955,955,11.03.2018,162.206
956,956,09.03.2018,162.159
957,957,08.03.2018,162.441
958,958,07.03.2018,162.144
959,959,06.03.2018,163.571
960,960,05.03.2018,161.839
961,961,04.03.2018,162.148
962,962,02.03.2018,161.952
963,963,01.03.2018,161.293
964,964,28.02.2018,161.045
965,965,27.02.2018,161.639
966,966,26.02.2018,162.188
967,967,25.02.2018,161.689
968,968,23.02.2018,161.927
969,969,22.02.2018,161.854
970,970,21.02.2018,161.793
971,971,20.02.2018,162.444
972,972,19.02.2018,162.593
973,973,18.02.2018,162.443
974,974,16.02.2018,162.338
975,975,15.02.2018,163.942
976,976,14.02.2018,164.565
977,977,13.02.2018,163.076
978,978,12.02.2018,161.536
979,979,11.02.2018,161.572
980,980,09.02.2018,161.613
981,981,08.02.2018,162.552
982,982,07.02.2018,161.359
983,983,06.02.2018,160.596
984,984,05.02.2018,163.245
985,985,04.02.2018,161.677
986,986,02.02.2018,161.553
987,987,01.02.2018,161.953
988,988,31.01.2018,162.522
989,989,30.01.2018,162.64
990,990,29.01.2018,163.325
991,991,28.01.2018,162.96
992,992,26.01.2018,162.744
993,993,25.01.2018,162.832
994,994,24.01.2018,163.548
995,995,23.01.2018,162.609
996,996,22.01.2018,161.922
997,997,21.01.2018,164.369
998,998,19.01.2018,163.006
999,999,18.01.2018,161.032
1000,1000,17.01.2018,163.081
1001,1001,16.01.2018,163.889
1002,1002,15.01.2018,163.978
1003,1003,14.01.2018,161.489
1004,1004,12.01.2018,161.236
1005,1005,11.01.2018,160.515
1006,1006,10.01.2018,160.962
1007,1007,09.01.2018,158.847
1008,1008,08.01.2018,158.705
1009,1009,07.01.2018,158.426
1010,1010,05.01.2018,158.396
1011,1011,04.01.2018,159.309
1012,1012,03.01.2018,159.415
1013,1013,02.01.2018,159.868
1014,1014,29.12.2017,159.207
1015,1015,28.12.2017,157.177
1016,1016,27.12.2017,157.955
1017,1017,26.12.2017,156.99
1018,1018,25.12.2017,155.901
1019,1019,22.12.2017,156.151
1020,1020,21.12.2017,155.672
1021,1021,20.12.2017,155.716
1022,1022,19.12.2017,155.663
1023,1023,18.12.2017,155.336
1024,1024,17.12.2017,155.448
1025,1025,15.12.2017,155.989
1026,1026,14.12.2017,156.574
1027,1027,13.12.2017,153.789
1028,1028,12.12.2017,153.797
1029,1029,11.12.2017,153.171
1030,1030,10.12.2017,154.057
1031,1031,08.12.2017,153.963
1032,1032,07.12.2017,154.953
1033,1033,06.12.2017,156.53
1034,1034,05.12.2017,156.417
1035,1035,04.12.2017,159.095
1036,1036,03.12.2017,160.825
1037,1037,01.12.2017,161.114
1038,1038,30.11.2017,160.609
1039,1039,29.11.2017,163.398
1040,1040,28.11.2017,164.993
1041,1041,27.11.2017,162.582
1042,1042,26.11.2017,163.613
1043,1043,24.11.2017,163.878
1044,1044,23.11.2017,162.858
1045,1045,22.11.2017,162.649
1046,1046,21.11.2017,163.245
1047,1047,20.11.2017,161.677
1048,1048,19.11.2017,160.924
1049,1049,17.11.2017,161.293
1050,1050,16.11.2017,158.942
1051,1051,15.11.2017,159.731
1052,1052,14.11.2017,160.167
1053,1053,13.11.2017,158.982
1054,1054,12.11.2017,158.394
1055,1055,10.11.2017,158.545
1056,1056,09.11.2017,159.823
1057,1057,08.11.2017,159.336
1058,1058,07.11.2017,159.626
1059,1059,06.11.2017,157.595
1060,1060,05.11.2017,158.624
1061,1061,03.11.2017,158.747
1062,1062,02.11.2017,156.118
1063,1063,01.11.2017,156.536
1064,1064,31.10.2017,154.733
1065,1065,30.10.2017,155.231
1066,1066,29.10.2017,154.944
1067,1067,27.10.2017,155.099
1068,1068,26.10.2017,155.621
1069,1069,25.10.2017,154.657
1070,1070,24.10.2017,153.359
1071,1071,23.10.2017,153.174
1072,1072,22.10.2017,151.197
1073,1073,20.10.2017,151.118
1074,1074,19.10.2017,151.509
1075,1075,18.10.2017,151.278
1076,1076,17.10.2017,151.599
1077,1077,16.10.2017,151.864
1078,1078,15.10.2017,152.198
1079,1079,13.10.2017,152.311
1080,1080,12.10.2017,152.207
1081,1081,11.10.2017,151.467
1082,1082,10.10.2017,153.766
1083,1083,09.10.2017,152.935
1084,1084,08.10.2017,152.401
1085,1085,06.10.2017,148.312
1086,1086,05.10.2017,146.398
1087,1087,04.10.2017,146.413
1088,1088,03.10.2017,146.232
1089,1089,02.10.2017,145.908
1090,1090,01.10.2017,146.519
1091,1091,29.09.2017,146.656
1092,1092,28.09.2017,147.3
1093,1093,27.09.2017,147.719
1094,1094,26.09.2017,147.351
1095,1095,25.09.2017,149.118
1096,1096,24.09.2017,145.438
1097,1097,22.09.2017,145.92
1098,1098,21.09.2017,145.66
1099,1099,20.09.2017,146.413
1100,1100,19.09.2017,147.03
1101,1101,18.09.2017,146.841
1102,1102,15.09.2017,145.979
1103,1103,14.09.2017,147.273
1104,1104,13.09.2017,147.117
1105,1105,12.09.2017,146.954
1106,1106,11.09.2017,145.626
1107,1107,10.09.2017,146.679
1108,1108,08.09.2017,147.703
1109,1109,07.09.2017,147.657
1110,1110,06.09.2017,146.991
1111,1111,05.09.2017,148.338
1112,1112,04.09.2017,147.069
1113,1113,03.09.2017,147.391
1114,1114,01.09.2017,146.017
1115,1115,31.08.2017,146.661
1116,1116,30.08.2017,145.253
1117,1117,29.08.2017,145.144
1118,1118,28.08.2017,146.479
1119,1119,27.08.2017,143.166
1120,1120,25.08.2017,142.738
1121,1121,24.08.2017,144.179
1122,1122,23.08.2017,144.523
1123,1123,22.08.2017,144.287
1124,1124,21.08.2017,145.242
1125,1125,20.08.2017,145.174
1126,1126,18.08.2017,145.331
1127,1127,17.08.2017,146.22
1128,1128,16.08.2017,145.099
1129,1129,15.08.2017,144.761
1130,1130,14.08.2017,145.03
1131,1131,13.08.2017,146.541
1132,1132,11.08.2017,146.567
1133,1133,10.08.2017,146.576
1134,1134,09.08.2017,145.178
1135,1135,08.08.2017,143.298
1136,1136,07.08.2017,142.741
1137,1137,06.08.2017,142.801
1138,1138,04.08.2017,142.809
1139,1139,03.08.2017,144.504
1140,1140,02.08.2017,143.803
1141,1141,01.08.2017,143.867
1142,1142,31.07.2017,143.615
1143,1143,30.07.2017,144.31
1144,1144,28.07.2017,144.022
1145,1145,27.07.2017,143.326
1146,1146,26.07.2017,143.224
1147,1147,25.07.2017,143.213
1148,1148,24.07.2017,143.368
1149,1149,23.07.2017,142.692
1150,1150,21.07.2017,142.682
1151,1151,20.07.2017,141.116
1152,1152,19.07.2017,140.618
1153,1153,18.07.2017,140.861
1154,1154,17.07.2017,139.948
1155,1155,16.07.2017,139.868
1156,1156,14.07.2017,139.755
1157,1157,13.07.2017,139.642
1158,1158,12.07.2017,139.971
1159,1159,11.07.2017,141.624
1160,1160,10.07.2017,140.802
1161,1161,09.07.2017,141.282
1162,1162,07.07.2017,141.075
1163,1163,06.07.2017,142.442
1164,1164,05.07.2017,142.32
1165,1165,04.07.2017,140.356
1166,1166,03.07.2017,139.875
1167,1167,02.07.2017,140.555
1168,1168,30.06.2017,140.533
1169,1169,29.06.2017,141.281
1170,1170,28.06.2017,141.144
1171,1171,27.06.2017,141.575
1172,1172,26.06.2017,139.964
1173,1173,25.06.2017,141.769
1174,1174,23.06.2017,141.772
1175,1175,22.06.2017,141.381
1176,1176,21.06.2017,141.814
1177,1177,20.06.2017,141.9
1178,1178,19.06.2017,140.902
1179,1179,18.06.2017,141.272
1180,1180,16.06.2017,141.168
1181,1181,15.06.2017,141.761
1182,1182,14.06.2017,141.733
1183,1183,13.06.2017,143.397
1184,1184,12.06.2017,143.058
1185,1185,11.06.2017,144.286
1186,1186,09.06.2017,143.972
1187,1187,08.06.2017,145.374
1188,1188,07.06.2017,146.708
1189,1189,06.06.2017,146.194
1190,1190,05.06.2017,145.099
1191,1191,04.06.2017,144.312
1192,1192,02.06.2017,144.268
1193,1193,01.06.2017,143.573
1194,1194,31.05.2017,143.964
1195,1195,30.05.2017,144.258
1196,1196,29.05.2017,145.857
1197,1197,28.05.2017,145.921
1198,1198,26.05.2017,145.844
1199,1199,25.05.2017,144.014
1200,1200,24.05.2017,143.944
1201,1201,23.05.2017,143.833
1202,1202,22.05.2017,144.845
1203,1203,21.05.2017,144.755
1204,1204,19.05.2017,144.322
1205,1205,18.05.2017,145.501
1206,1206,17.05.2017,145.33
1207,1207,16.05.2017,141.635
1208,1208,15.05.2017,140.471
1209,1209,14.05.2017,141.291
1210,1210,12.05.2017,141.044
1211,1211,11.05.2017,140.932
1212,1212,10.05.2017,140.378
1213,1213,09.05.2017,142.555
1214,1214,08.05.2017,141.552
1215,1215,07.05.2017,140.579
1216,1216,05.05.2017,139.889
1217,1217,04.05.2017,140.276
1218,1218,03.05.2017,140.76
1219,1219,02.05.2017,142.386
1220,1220,01.05.2017,143.618
1221,1221,30.04.2017,145.143
1222,1222,28.04.2017,144.817
1223,1223,27.04.2017,144.864
1224,1224,26.04.2017,145.599
1225,1225,25.04.2017,145.502
1226,1226,24.04.2017,146.918
1227,1227,23.04.2017,148.047
1228,1228,21.04.2017,150.34
1229,1229,20.04.2017,150.029
1230,1230,19.04.2017,151.161
1231,1231,18.04.2017,151.6
1232,1232,17.04.2017,152.758
1233,1233,16.04.2017,151.387
1234,1234,13.04.2017,151.668
1235,1235,12.04.2017,151.016
1236,1236,11.04.2017,151.66
1237,1237,10.04.2017,150.6
1238,1238,09.04.2017,150.484
1239,1239,07.04.2017,150.344
1240,1240,06.04.2017,149.245
1241,1241,05.04.2017,149.957
1242,1242,04.04.2017,148.5
1243,1243,03.04.2017,147.173
1244,1244,02.04.2017,145.853
1245,1245,31.03.2017,145.972
1246,1246,30.03.2017,146.163
1247,1247,29.03.2017,146.798
1248,1248,28.03.2017,147.043
1249,1249,27.03.2017,145.69
1250,1250,26.03.2017,145.082
1251,1251,24.03.2017,144.575
1252,1252,23.03.2017,145.542
1253,1253,22.03.2017,144.875
1254,1254,21.03.2017,145.579
1255,1255,20.03.2017,143.866
1256,1256,19.03.2017,143.689
1257,1257,17.03.2017,143.78
1258,1258,16.03.2017,143.102
1259,1259,15.03.2017,144.225
1260,1260,14.03.2017,144.399
1261,1261,13.03.2017,144.669
1262,1262,12.03.2017,145.087
1263,1263,10.03.2017,144.603
1264,1264,09.03.2017,145.585
1265,1265,08.03.2017,145.543
1266,1266,07.03.2017,143.89
1267,1267,06.03.2017,146.463
1268,1268,05.03.2017,147.689
1269,1269,03.03.2017,147.005
1270,1270,02.03.2017,148.101
1271,1271,01.03.2017,146.441
1272,1272,28.02.2017,145.992
1273,1273,27.02.2017,145.399
1274,1274,26.02.2017,145.407
1275,1275,24.02.2017,145.828
1276,1276,23.02.2017,143.368
1277,1277,22.02.2017,142.517
1278,1278,21.02.2017,143.979
1279,1279,20.02.2017,144.204
1280,1280,19.02.2017,144.341
1281,1281,17.02.2017,144.144
1282,1282,16.02.2017,146.031
1283,1283,15.02.2017,145.012
1284,1284,14.02.2017,144.286
1285,1285,13.02.2017,144.762
1286,1286,12.02.2017,146.101
1287,1287,10.02.2017,146.572
1288,1288,09.02.2017,145.321
1289,1289,08.02.2017,147.973
1290,1290,07.02.2017,148.282
1291,1291,06.02.2017,146.255
1292,1292,05.02.2017,145.466
1293,1293,03.02.2017,144.909
1294,1294,02.02.2017,146.028
1295,1295,01.02.2017,146.775
1296,1296,31.01.2017,147.012
1297,1297,30.01.2017,145.373
1298,1298,29.01.2017,148.559
1299,1299,27.01.2017,148.211
1300,1300,26.01.2017,147.539
1301,1301,25.01.2017,147.987
1302,1302,24.01.2017,147.103
1303,1303,23.01.2017,147.005
1304,1304,22.01.2017,147.394
1305,1305,20.01.2017,146.518
1306,1306,19.01.2017,148.179
1307,1307,18.01.2017,147.278
1308,1308,17.01.2017,146.988
1309,1309,16.01.2017,147.448
1310,1310,15.01.2017,144.683
1311,1311,13.01.2017,143.402
1312,1312,12.01.2017,144.81
1313,1313,11.01.2017,148.678
1314,1314,10.01.2017,144.879
1315,1315,09.01.2017,141.212
1316,1316,08.01.2017,137.505
1317,1317,06.01.2017,137.393
1318,1318,05.01.2017,136.466
1319,1319,04.01.2017,133.865
1320,1320,03.01.2017,133.668
1321,1321,02.01.2017,131.077
1322,1322,30.12.2016,130.679
1323,1323,29.12.2016,131.244
1324,1324,28.12.2016,129.958
1325,1325,27.12.2016,129.043
1326,1326,26.12.2016,127.988
1327,1327,23.12.2016,128.135
1328,1328,22.12.2016,127.416
1329,1329,21.12.2016,127.647
1330,1330,20.12.2016,128.224
1331,1331,19.12.2016,129.38
1332,1332,18.12.2016,127.791
1333,1333,16.12.2016,127.922
1334,1334,15.12.2016,127.281
1335,1335,14.12.2016,129.978
1336,1336,13.12.2016,130.025
1337,1337,12.12.2016,129.893
1338,1338,11.12.2016,130.831
1339,1339,09.12.2016,129.719
1340,1340,08.12.2016,129.946
1341,1341,07.12.2016,128.058
1342,1342,06.12.2016,129.564
1343,1343,05.12.2016,132.585
1344,1344,04.12.2016,134.546
1345,1345,02.12.2016,133.127
1346,1346,01.12.2016,132.093
1347,1347,30.11.2016,129.556
1348,1348,29.11.2016,130.359
1349,1349,28.11.2016,131.067
1350,1350,27.11.2016,131.762
1351,1351,25.11.2016,131.124
1352,1352,24.11.2016,132.125
1353,1353,23.11.2016,129.949
1354,1354,22.11.2016,131.948
1355,1355,21.11.2016,131.303
1356,1356,20.11.2016,131.074
1357,1357,18.11.2016,130.81
1358,1358,17.11.2016,131.865
1359,1359,16.11.2016,130.955
1360,1360,15.11.2016,129.779
1361,1361,14.11.2016,129.478
1362,1362,13.11.2016,128.275
1363,1363,11.11.2016,128.293
1364,1364,10.11.2016,131.737
1365,1365,09.11.2016,131.731
1366,1366,08.11.2016,129.535
1367,1367,07.11.2016,130.669
1368,1368,06.11.2016,130.675
1369,1369,04.11.2016,132.44
1370,1370,03.11.2016,130.451
1371,1371,02.11.2016,130.0
1372,1372,01.11.2016,128.966
1373,1373,31.10.2016,127.068
1374,1374,30.10.2016,127.867
1375,1375,28.10.2016,127.465
1376,1376,27.10.2016,127.042
1377,1377,26.10.2016,125.502
1378,1378,25.10.2016,125.847
1379,1379,24.10.2016,125.221
1380,1380,23.10.2016,125.464
1381,1381,21.10.2016,125.395
1382,1382,20.10.2016,124.505
1383,1383,19.10.2016,124.969
1384,1384,18.10.2016,125.775
1385,1385,17.10.2016,125.017
1386,1386,16.10.2016,124.626
1387,1387,14.10.2016,124.288
1388,1388,13.10.2016,124.711
1389,1389,12.10.2016,124.441
1390,1390,11.10.2016,124.357
1391,1391,10.10.2016,124.274
1392,1392,09.10.2016,123.587
1393,1393,07.10.2016,123.298
1394,1394,06.10.2016,122.837
1395,1395,05.10.2016,124.609
1396,1396,04.10.2016,124.794
1397,1397,03.10.2016,127.422
1398,1398,02.10.2016,127.0
1399,1399,30.09.2016,126.989
1400,1400,29.09.2016,127.459
1401,1401,28.09.2016,126.774
1402,1402,27.09.2016,126.873
1403,1403,26.09.2016,128.214
1404,1404,25.09.2016,128.637
1405,1405,23.09.2016,127.522
1406,1406,22.09.2016,126.517
1407,1407,21.09.2016,126.701
1408,1408,20.09.2016,125.971
1409,1409,19.09.2016,125.754
1410,1410,18.09.2016,125.581
1411,1411,16.09.2016,125.555
1412,1412,15.09.2016,125.677
1413,1413,14.09.2016,126.773
1414,1414,13.09.2016,126.761
1415,1415,12.09.2016,127.034
1416,1416,11.09.2016,126.941
1417,1417,09.09.2016,126.786
1418,1418,08.09.2016,127.031
1419,1419,07.09.2016,126.857
1420,1420,06.09.2016,126.798
1421,1421,05.09.2016,125.739
1422,1422,04.09.2016,125.517
1423,1423,02.09.2016,125.702
1424,1424,01.09.2016,125.195
1425,1425,31.08.2016,124.558
1426,1426,30.08.2016,125.047
1427,1427,29.08.2016,125.66
1428,1428,28.08.2016,125.488
1429,1429,26.08.2016,125.549
1430,1430,25.08.2016,124.746
1431,1431,24.08.2016,125.858
1432,1432,23.08.2016,126.899
1433,1433,22.08.2016,126.527
1434,1434,21.08.2016,126.188
1435,1435,19.08.2016,126.334
1436,1436,18.08.2016,127.11
1437,1437,17.08.2016,126.937
1438,1438,16.08.2016,126.953
1439,1439,15.08.2016,126.891
1440,1440,14.08.2016,127.446
1441,1441,12.08.2016,127.103
1442,1442,11.08.2016,127.458
1443,1443,10.08.2016,128.135
1444,1444,09.08.2016,128.102
1445,1445,08.08.2016,128.065
1446,1446,07.08.2016,128.481
1447,1447,05.08.2016,128.909
1448,1448,04.08.2016,131.717
1449,1449,03.08.2016,131.421
1450,1450,02.08.2016,131.213
1451,1451,01.08.2016,130.06
1452,1452,31.07.2016,129.57
1453,1453,29.07.2016,129.808
1454,1454,28.07.2016,129.418
1455,1455,27.07.2016,129.906
1456,1456,26.07.2016,128.986
1457,1457,25.07.2016,128.504
1458,1458,24.07.2016,130.115
1459,1459,22.07.2016,130.486
1460,1460,21.07.2016,131.412
1461,1461,20.07.2016,130.361
1462,1462,19.07.2016,130.522
1463,1463,18.07.2016,127.386
1464,1464,17.07.2016,127.148
1465,1465,15.07.2016,129.907
1466,1466,14.07.2016,123.861
1467,1467,13.07.2016,125.469
1468,1468,12.07.2016,123.883
1469,1469,11.07.2016,126.481
1470,1470,10.07.2016,127.531
1471,1471,08.07.2016,127.12
1472,1472,07.07.2016,128.535
1473,1473,06.07.2016,129.107
1474,1474,05.07.2016,128.272
1475,1475,04.07.2016,126.132
1476,1476,03.07.2016,125.338
1477,1477,01.07.2016,125.264
1478,1478,30.06.2016,122.499
1479,1479,29.06.2016,122.306
1480,1480,28.06.2016,122.814
1481,1481,27.06.2016,125.101
1482,1482,26.06.2016,126.112
1483,1483,24.06.2016,123.854
1484,1484,23.06.2016,116.924
1485,1485,22.06.2016,117.328
1486,1486,21.06.2016,118.843
1487,1487,20.06.2016,120.207
1488,1488,19.06.2016,120.787
1489,1489,17.06.2016,122.18
1490,1490,16.06.2016,120.768
1491,1491,15.06.2016,121.591
1492,1492,14.06.2016,121.25
1493,1493,13.06.2016,120.522
1494,1494,12.06.2016,120.412
1495,1495,10.06.2016,120.047
1496,1496,09.06.2016,117.829
1497,1497,08.06.2016,117.606
1498,1498,07.06.2016,115.884
1499,1499,06.06.2016,116.329
1500,1500,05.06.2016,116.727
1501,1501,03.06.2016,116.212
1502,1502,02.06.2016,114.553
1503,1503,01.06.2016,114.834
1504,1504,31.05.2016,115.358
1505,1505,30.05.2016,114.952
1506,1506,29.05.2016,114.999
1507,1507,27.05.2016,115.483
1508,1508,26.05.2016,115.456
1509,1509,25.05.2016,115.764
1510,1510,24.05.2016,116.177
1511,1511,23.05.2016,120.353
1512,1512,22.05.2016,119.863
1513,1513,20.05.2016,119.79
1514,1514,19.05.2016,120.798
1515,1515,18.05.2016,121.143
1516,1516,17.05.2016,122.111
1517,1517,16.05.2016,122.007
1518,1518,15.05.2016,121.772
1519,1519,13.05.2016,121.615
1520,1520,12.05.2016,120.668
1521,1521,11.05.2016,121.337
1522,1522,10.05.2016,119.981
1523,1523,09.05.2016,119.513
1524,1524,08.05.2016,120.949
1525,1525,06.05.2016,121.279
1526,1526,05.05.2016,120.287
1527,1527,04.05.2016,121.904
1528,1528,03.05.2016,117.758
1529,1529,02.05.2016,116.318
1530,1530,01.05.2016,116.356
1531,1531,29.04.2016,116.294
1532,1532,28.04.2016,114.482
1533,1533,27.04.2016,112.935
1534,1534,26.04.2016,112.764
1535,1535,25.04.2016,113.238
1536,1536,24.04.2016,112.945
1537,1537,22.04.2016,112.88
1538,1538,21.04.2016,113.791
1539,1539,20.04.2016,112.618
1540,1540,19.04.2016,113.769
1541,1541,18.04.2016,112.279
1542,1542,17.04.2016,113.564
1543,1543,15.04.2016,113.251
1544,1544,14.04.2016,112.693
1545,1545,13.04.2016,113.55
1546,1546,12.04.2016,114.327
1547,1547,11.04.2016,114.409
1548,1548,10.04.2016,114.091
1549,1549,08.04.2016,113.584
1550,1550,07.04.2016,114.091
1551,1551,06.04.2016,111.945
1552,1552,05.04.2016,112.076
1553,1553,04.04.2016,109.869
1554,1554,03.04.2016,110.833
1555,1555,01.04.2016,111.008
1556,1556,31.03.2016,111.576
1557,1557,30.03.2016,111.846
1558,1558,29.03.2016,113.218
1559,1559,28.03.2016,112.771
1560,1560,27.03.2016,112.262
1561,1561,24.03.2016,112.412
1562,1562,23.03.2016,113.084
1563,1563,22.03.2016,115.123
1564,1564,21.03.2016,114.502
1565,1565,20.03.2016,115.708
1566,1566,18.03.2016,115.726
1567,1567,17.03.2016,115.173
1568,1568,16.03.2016,116.201
1569,1569,15.03.2016,114.885
1570,1570,14.03.2016,114.14
1571,1571,13.03.2016,115.723
1572,1572,11.03.2016,115.396
1573,1573,10.03.2016,118.223
1574,1574,09.03.2016,116.632
1575,1575,08.03.2016,118.314
1576,1576,07.03.2016,118.927
1577,1577,06.03.2016,118.075
1578,1578,04.03.2016,117.639
1579,1579,03.03.2016,117.934
1580,1580,02.03.2016,116.725
1581,1581,01.03.2016,116.34
1582,1582,29.02.2016,118.201
1583,1583,28.02.2016,117.417
1584,1584,26.02.2016,117.661
1585,1585,25.02.2016,116.171
1586,1586,24.02.2016,115.59
1587,1587,23.02.2016,116.437
1588,1588,22.02.2016,114.136
1589,1589,21.02.2016,116.338
1590,1590,19.02.2016,116.492
1591,1591,18.02.2016,117.46
1592,1592,17.02.2016,114.748
1593,1593,16.02.2016,115.158
1594,1594,15.02.2016,114.54
1595,1595,14.02.2016,116.443
1596,1596,12.02.2016,116.543
1597,1597,11.02.2016,117.017
1598,1598,10.02.2016,112.577
1599,1599,09.02.2016,112.433
1600,1600,08.02.2016,112.848
1601,1601,07.02.2016,109.315
1602,1602,05.02.2016,110.042
1603,1603,04.02.2016,108.262
1604,1604,03.02.2016,107.041
1605,1605,02.02.2016,107.092
1606,1606,01.02.2016,106.935
1607,1607,31.01.2016,106.233
1608,1608,29.01.2016,106.182
1609,1609,28.01.2016,106.452
1610,1610,27.01.2016,108.574
1611,1611,26.01.2016,108.289
1612,1612,25.01.2016,107.73
1613,1613,24.01.2016,106.09
1614,1614,22.01.2016,105.915
1615,1615,21.01.2016,106.813
1616,1616,20.01.2016,107.529
1617,1617,19.01.2016,106.269
1618,1618,18.01.2016,106.289
1619,1619,17.01.2016,106.897
1620,1620,15.01.2016,106.721
1621,1621,14.01.2016,104.794
1622,1622,13.01.2016,106.638
1623,1623,12.01.2016,105.999
1624,1624,11.01.2016,107.027
1625,1625,10.01.2016,108.073
1626,1626,08.01.2016,107.265
1627,1627,07.01.2016,107.053
1628,1628,06.01.2016,105.519
1629,1629,05.01.2016,103.504
1630,1630,04.01.2016,102.323
1631,1631,03.01.2016,99.844
1632,1632,31.12.2015,99.428
1633,1633,30.12.2015,99.774
1634,1634,29.12.2015,99.94
1635,1635,28.12.2015,99.823
1636,1636,27.12.2015,100.874
1637,1637,24.12.2015,101.039
1638,1638,23.12.2015,100.64
1639,1639,22.12.2015,101.179
1640,1640,21.12.2015,100.897
1641,1641,20.12.2015,99.728
1642,1642,18.12.2015,99.663
1643,1643,17.12.2015,99.112
1644,1644,16.12.2015,101.001
1645,1645,15.12.2015,101.149
1646,1646,14.12.2015,101.921
1647,1647,13.12.2015,102.368
1648,1648,11.12.2015,103.07
1649,1649,10.12.2015,100.833
1650,1650,09.12.2015,100.436
1651,1651,08.12.2015,100.711
1652,1652,07.12.2015,100.301
1653,1653,06.12.2015,100.71
1654,1654,04.12.2015,101.09
1655,1655,03.12.2015,98.573
1656,1656,02.12.2015,97.9
1657,1657,01.12.2015,99.416
1658,1658,30.11.2015,99.642
1659,1659,29.11.2015,99.515
1660,1660,27.11.2015,99.555
1661,1661,26.11.2015,100.956
1662,1662,25.11.2015,99.411
1663,1663,24.11.2015,99.442
1664,1664,23.11.2015,98.054
1665,1665,22.11.2015,97.943
1666,1666,20.11.2015,98.035
1667,1667,19.11.2015,98.948
1668,1668,18.11.2015,98.594
1669,1669,17.11.2015,98.668
1670,1670,16.11.2015,100.484
1671,1671,15.11.2015,100.786
1672,1672,13.11.2015,99.81
1673,1673,12.11.2015,99.845
1674,1674,11.11.2015,100.438
1675,1675,10.11.2015,102.167
1676,1676,09.11.2015,102.624
1677,1677,08.11.2015,102.459
1678,1678,06.11.2015,102.069
1679,1679,05.11.2015,101.755
1680,1680,04.11.2015,102.205
1681,1681,03.11.2015,101.892
1682,1682,02.11.2015,102.933
1683,1683,01.11.2015,104.443
1684,1684,30.10.2015,107.048
1685,1685,29.10.2015,108.348
1686,1686,28.10.2015,108.819
1687,1687,27.10.2015,108.969
1688,1688,26.10.2015,108.151
1689,1689,23.10.2015,108.871
1690,1690,22.10.2015,107.687
1691,1691,21.10.2015,108.556
1692,1692,20.10.2015,109.805
1693,1693,19.10.2015,109.218
1694,1694,18.10.2015,109.667
1695,1695,16.10.2015,109.505
1696,1696,15.10.2015,109.559
1697,1697,14.10.2015,110.992
1698,1698,13.10.2015,111.184
1699,1699,12.10.2015,109.412
1700,1700,11.10.2015,109.059
1701,1701,09.10.2015,108.264
1702,1702,08.10.2015,106.143
1703,1703,07.10.2015,108.259
1704,1704,06.10.2015,109.055
1705,1705,05.10.2015,108.929
1706,1706,04.10.2015,109.586
1707,1707,02.10.2015,109.476
1708,1708,01.10.2015,108.408
1709,1709,30.09.2015,108.484
1710,1710,29.09.2015,110.022
1711,1711,28.09.2015,111.285
1712,1712,27.09.2015,112.427
1713,1713,25.09.2015,112.256
1714,1714,24.09.2015,112.724
1715,1715,23.09.2015,110.662
1716,1716,22.09.2015,109.448
1717,1717,21.09.2015,109.396
1718,1718,20.09.2015,109.94
1719,1719,18.09.2015,110.049
1720,1720,17.09.2015,109.39
1721,1721,16.09.2015,108.003
1722,1722,15.09.2015,107.715
1723,1723,14.09.2015,109.077
1724,1724,13.09.2015,108.072
1725,1725,11.09.2015,108.491
1726,1726,10.09.2015,107.93
1727,1727,09.09.2015,108.556
1728,1728,08.09.2015,108.724
1729,1729,07.09.2015,109.251
1730,1730,06.09.2015,109.509
1731,1731,04.09.2015,108.487
1732,1732,03.09.2015,107.586
1733,1733,02.09.2015,107.21
1734,1734,01.09.2015,107.428
1735,1735,31.08.2015,106.44
1736,1736,30.08.2015,106.294
1737,1737,28.08.2015,106.556
1738,1738,27.08.2015,105.465
1739,1739,26.08.2015,105.891
1740,1740,25.08.2015,108.457
1741,1741,24.08.2015,109.37
1742,1742,23.08.2015,110.496
1743,1743,21.08.2015,108.862
1744,1744,20.08.2015,108.452
1745,1745,19.08.2015,106.71
1746,1746,18.08.2015,104.031
1747,1747,17.08.2015,103.016
1748,1748,16.08.2015,101.571
1749,1749,14.08.2015,101.641
1750,1750,13.08.2015,101.197
1751,1751,12.08.2015,100.397
1752,1752,11.08.2015,99.083
1753,1753,10.08.2015,98.417
1754,1754,09.08.2015,97.654
1755,1755,07.08.2015,97.754
1756,1756,06.08.2015,97.249
1757,1757,05.08.2015,97.218
1758,1758,04.08.2015,97.087
1759,1759,03.08.2015,96.875
1760,1760,02.08.2015,97.305
1761,1761,31.07.2015,97.604
1762,1762,30.07.2015,97.555
1763,1763,29.07.2015,97.634
1764,1764,28.07.2015,97.226
1765,1765,27.07.2015,97.39
1766,1766,26.07.2015,96.937
1767,1767,24.07.2015,96.726
1768,1768,23.07.2015,95.938
1769,1769,22.07.2015,95.302
1770,1770,21.07.2015,94.913
1771,1771,20.07.2015,95.261
1772,1772,19.07.2015,96.753
1773,1773,17.07.2015,96.725
1774,1774,16.07.2015,97.825
1775,1775,15.07.2015,97.738
1776,1776,14.07.2015,97.863
1777,1777,13.07.2015,98.474
1778,1778,12.07.2015,99.854
1779,1779,10.07.2015,99.723
1780,1780,09.07.2015,99.638
1781,1781,08.07.2015,99.918
1782,1782,07.07.2015,99.762
1783,1783,06.07.2015,100.809
1784,1784,05.07.2015,102.459
1785,1785,03.07.2015,101.202
1786,1786,02.07.2015,100.681
1787,1787,01.07.2015,101.146
1788,1788,30.06.2015,101.136
1789,1789,29.06.2015,102.592
1790,1790,28.06.2015,102.99
1791,1791,26.06.2015,100.731
1792,1792,25.06.2015,100.257
1793,1793,24.06.2015,101.234
1794,1794,23.06.2015,101.47
1795,1795,22.06.2015,101.723
1796,1796,21.06.2015,103.894
1797,1797,19.06.2015,103.985
1798,1798,18.06.2015,104.823
1799,1799,17.06.2015,103.337
1800,1800,16.06.2015,103.923
1801,1801,15.06.2015,104.341
1802,1802,14.06.2015,103.462
1803,1803,12.06.2015,103.081
1804,1804,11.06.2015,102.728
1805,1805,10.06.2015,104.297
1806,1806,09.06.2015,104.188
1807,1807,08.06.2015,103.815
1808,1808,07.06.2015,103.759
1809,1809,05.06.2015,100.269
1810,1810,04.06.2015,101.118
1811,1811,03.06.2015,102.391
1812,1812,02.06.2015,102.595
1813,1813,01.06.2015,102.566
1814,1814,31.05.2015,101.944
1815,1815,29.05.2015,101.953
1816,1816,28.05.2015,101.558
1817,1817,27.05.2015,100.893
1818,1818,26.05.2015,100.851
1819,1819,25.05.2015,101.534
1820,1820,24.05.2015,100.707
1821,1821,22.05.2015,100.803
1822,1822,21.05.2015,100.504
1823,1823,20.05.2015,100.359
1824,1824,19.05.2015,100.942
1825,1825,18.05.2015,101.665
1826,1826,17.05.2015,101.417
1827,1827,15.05.2015,101.428
1828,1828,14.05.2015,101.793
1829,1829,13.05.2015,102.666
1830,1830,12.05.2015,102.047
1831,1831,11.05.2015,102.513
1832,1832,10.05.2015,102.999
1833,1833,08.05.2015,102.88
1834,1834,07.05.2015,102.396
1835,1835,06.05.2015,103.14
1836,1836,05.05.2015,104.04
1837,1837,04.05.2015,103.728
1838,1838,03.05.2015,102.794
1839,1839,01.05.2015,102.571
1840,1840,30.04.2015,101.891
1841,1841,29.04.2015,103.024
1842,1842,28.04.2015,103.568
1843,1843,27.04.2015,103.344
1844,1844,26.04.2015,103.223
1845,1845,24.04.2015,103.771
1846,1846,23.04.2015,103.771
1847,1847,22.04.2015,103.771
1848,1848,21.04.2015,103.771
1849,1849,20.04.2015,103.718
1850,1850,19.04.2015,104.019
1851,1851,17.04.2015,103.735
1852,1852,16.04.2015,103.411
1853,1853,15.04.2015,104.52
1854,1854,14.04.2015,103.174
1855,1855,13.04.2015,102.912
1856,1856,12.04.2015,102.078
1857,1857,10.04.2015,102.062
1858,1858,09.04.2015,100.649
1859,1859,08.04.2015,100.396
1860,1860,07.04.2015,101.126
1861,1861,06.04.2015,100.457
1862,1862,05.04.2015,100.51
1863,1863,02.04.2015,99.925
1864,1864,01.04.2015,100.599
1865,1865,31.03.2015,98.896
1866,1866,30.03.2015,99.382
1867,1867,29.03.2015,100.605
1868,1868,27.03.2015,100.642
1869,1869,26.03.2015,100.798
1870,1870,25.03.2015,99.4
1871,1871,24.03.2015,97.981
1872,1872,23.03.2015,97.244
1873,1873,22.03.2015,98.4
1874,1874,20.03.2015,97.874
1875,1875,19.03.2015,98.115
1876,1876,18.03.2015,96.935
1877,1877,17.03.2015,96.63
1878,1878,16.03.2015,97.592
1879,1879,15.03.2015,98.123
1880,1880,13.03.2015,98.288
1881,1881,12.03.2015,96.018
1882,1882,11.03.2015,97.081
1883,1883,10.03.2015,98.667
1884,1884,09.03.2015,97.675
1885,1885,08.03.2015,98.726
1886,1886,06.03.2015,98.534
1887,1887,05.03.2015,100.624
1888,1888,04.03.2015,99.142
1889,1889,03.03.2015,98.203
1890,1890,02.03.2015,97.871
1891,1891,01.03.2015,97.872
1892,1892,27.02.2015,97.824
1893,1893,26.02.2015,97.506
1894,1894,25.02.2015,96.441
1895,1895,24.02.2015,95.472
1896,1896,23.02.2015,95.719
1897,1897,22.02.2015,94.993
1898,1898,20.02.2015,94.891
1899,1899,19.02.2015,95.44
1900,1900,18.02.2015,95.364
1901,1901,17.02.2015,95.406
1902,1902,16.02.2015,97.303
1903,1903,15.02.2015,97.106
1904,1904,13.02.2015,97.121
1905,1905,12.02.2015,97.121
1906,1906,11.02.2015,98.087
1907,1907,10.02.2015,99.009
1908,1908,09.02.2015,98.608
1909,1909,08.02.2015,98.42
1910,1910,06.02.2015,98.146
1911,1911,05.02.2015,99.187
1912,1912,04.02.2015,100.677
1913,1913,03.02.2015,97.454
1914,1914,02.02.2015,99.662
1915,1915,01.02.2015,100.63
1916,1916,30.01.2015,100.761
1917,1917,29.01.2015,97.974
1918,1918,28.01.2015,98.668
1919,1919,27.01.2015,98.348
1920,1920,26.01.2015,96.99
1921,1921,25.01.2015,98.588
1922,1922,23.01.2015,97.787
1923,1923,22.01.2015,97.341
1924,1924,21.01.2015,97.625
1925,1925,20.01.2015,97.534
1926,1926,19.01.2015,95.723
1927,1927,18.01.2015,95.916
1928,1928,16.01.2015,95.819
1929,1929,15.01.2015,93.699
1930,1930,14.01.2015,90.347
1931,1931,13.01.2015,90.537
1932,1932,12.01.2015,90.479
1933,1933,11.01.2015,90.429
1934,1934,09.01.2015,90.245
1935,1935,08.01.2015,89.329
1936,1936,07.01.2015,90.4
1937,1937,06.01.2015,90.931
1938,1938,05.01.2015,90.208
1939,1939,04.01.2015,89.222
1940,1940,02.01.2015,89.601
1941,1941,01.01.2015,89.02
1942,1942,31.12.2014,88.769
1943,1943,30.12.2014,89.751
1944,1944,29.12.2014,88.085
1945,1945,28.12.2014,89.084
1946,1946,26.12.2014,89.128
1947,1947,25.12.2014,87.774
1948,1948,24.12.2014,87.5
1949,1949,23.12.2014,87.956
1950,1950,22.12.2014,87.361
1951,1951,21.12.2014,88.959
1952,1952,19.12.2014,88.918
1953,1953,18.12.2014,89.429
1954,1954,17.12.2014,89.468
1955,1955,16.12.2014,90.997
1956,1956,15.12.2014,90.787
1957,1957,14.12.2014,90.527
1958,1958,12.12.2014,90.363
1959,1959,11.12.2014,89.903
1960,1960,10.12.2014,89.561
1961,1961,09.12.2014,89.563
1962,1962,08.12.2014,87.759
1963,1963,07.12.2014,86.432
1964,1964,05.12.2014,86.694
1965,1965,04.12.2014,86.55
1966,1966,03.12.2014,87.015
1967,1967,02.12.2014,85.93
1968,1968,01.12.2014,85.88
1969,1969,30.11.2014,82.245
1970,1970,28.11.2014,83.353
1971,1971,27.11.2014,84.413
1972,1972,26.11.2014,85.119
1973,1973,25.11.2014,85.727
1974,1974,24.11.2014,85.837
1975,1975,23.11.2014,85.862
1976,1976,21.11.2014,85.833
1977,1977,20.11.2014,85.217
1978,1978,19.11.2014,84.897
1979,1979,18.11.2014,85.348
1980,1980,17.11.2014,85.11
1981,1981,16.11.2014,84.802
1982,1982,14.11.2014,85.23
1983,1983,13.11.2014,83.71
1984,1984,12.11.2014,83.887
1985,1985,11.11.2014,84.306
1986,1986,10.11.2014,83.926
1987,1987,09.11.2014,84.967
1988,1988,07.11.2014,85.454
1989,1989,06.11.2014,83.117
1990,1990,05.11.2014,82.55
1991,1991,04.11.2014,83.513
1992,1992,03.11.2014,83.721
1993,1993,02.11.2014,83.544
1994,1994,31.10.2014,83.814
1995,1995,30.10.2014,84.863
1996,1996,29.10.2014,86.385
1997,1997,28.10.2014,87.214
1998,1998,27.10.2014,87.927
1999,1999,26.10.2014,88.149
2000,2000,24.10.2014,88.301
2001,2001,23.10.2014,88.533
2002,2002,22.10.2014,89.752
2003,2003,21.10.2014,90.11
2004,2004,20.10.2014,89.861
2005,2005,19.10.2014,89.181
2006,2006,17.10.2014,89.405
2007,2007,16.10.2014,90.075
2008,2008,15.10.2014,90.558
2009,2009,14.10.2014,89.869
2010,2010,13.10.2014,90.223
2011,2011,12.10.2014,90.456
2012,2012,10.10.2014,90.013
2013,2013,09.10.2014,89.33
2014,2014,08.10.2014,88.74
2015,2015,07.10.2014,88.512
2016,2016,06.10.2014,88.001
2017,2017,05.10.2014,87.493
2018,2018,03.10.2014,87.874
2019,2019,02.10.2014,88.483
2020,2020,01.10.2014,89.244
2021,2021,30.09.2014,88.501
2022,2022,29.09.2014,89.187
2023,2023,28.09.2014,88.605
2024,2024,26.09.2014,88.573
2025,2025,25.09.2014,88.877
2026,2026,24.09.2014,87.472
2027,2027,23.09.2014,87.918
2028,2028,22.09.2014,87.537
2029,2029,21.09.2014,87.39
2030,2030,19.09.2014,87.366
2031,2031,18.09.2014,87.65
2032,2032,17.09.2014,87.705
2033,2033,16.09.2014,87.521
2034,2034,15.09.2014,87.787
2035,2035,14.09.2014,87.735
2036,2036,12.09.2014,87.76
2037,2037,11.09.2014,87.737
2038,2038,10.09.2014,88.073
2039,2039,09.09.2014,88.649
2040,2040,08.09.2014,87.77
2041,2041,07.09.2014,87.937
2042,2042,05.09.2014,88.069
2043,2043,04.09.2014,87.593
2044,2044,03.09.2014,88.123
2045,2045,02.09.2014,88.531
2046,2046,01.09.2014,89.329
2047,2047,31.08.2014,89.413
2048,2048,29.08.2014,89.526
2049,2049,28.08.2014,89.65
2050,2050,27.08.2014,88.916
2051,2051,26.08.2014,89.218
2052,2052,25.08.2014,89.412
2053,2053,24.08.2014,89.557
2054,2054,22.08.2014,89.566
2055,2055,21.08.2014,89.473
2056,2056,20.08.2014,90.6
2057,2057,19.08.2014,90.092
2058,2058,18.08.2014,90.319
2059,2059,17.08.2014,90.737
2060,2060,15.08.2014,90.918
2061,2061,14.08.2014,90.898
2062,2062,13.08.2014,90.93
2063,2063,12.08.2014,91.064
2064,2064,11.08.2014,90.402
2065,2065,08.08.2014,90.424
2066,2066,07.08.2014,91.453
2067,2067,06.08.2014,90.695
2068,2068,05.08.2014,89.181
2069,2069,04.08.2014,88.262
2070,2070,03.08.2014,88.737
2071,2071,01.08.2014,88.701
2072,2072,31.07.2014,88.355
2073,2073,30.07.2014,88.934
2074,2074,29.07.2014,88.338
2075,2075,28.07.2014,88.012
2076,2076,27.07.2014,87.933
2077,2077,25.07.2014,88.066
2078,2078,24.07.2014,86.971
2079,2079,23.07.2014,87.573
2080,2080,22.07.2014,88.595
2081,2081,21.07.2014,89.316
2082,2082,20.07.2014,89.566
2083,2083,18.07.2014,89.489
2084,2084,17.07.2014,90.842
2085,2085,16.07.2014,88.613
2086,2086,15.07.2014,88.458
2087,2087,14.07.2014,89.096
2088,2088,13.07.2014,91.263
2089,2089,11.07.2014,91.118
2090,2090,10.07.2014,91.227
2091,2091,09.07.2014,90.265
2092,2092,08.07.2014,90.063
2093,2093,07.07.2014,90.226
2094,2094,06.07.2014,90.341
2095,2095,04.07.2014,90.601
2096,2096,03.07.2014,90.313
2097,2097,02.07.2014,90.792
2098,2098,01.07.2014,90.719
2099,2099,30.06.2014,90.343
2100,2100,29.06.2014,89.829
2101,2101,27.06.2014,89.805
2102,2102,26.06.2014,89.933
2103,2103,25.06.2014,90.356
2104,2104,24.06.2014,90.814
2105,2105,23.06.2014,90.25
2106,2106,22.06.2014,90.651
2107,2107,20.06.2014,90.468
2108,2108,19.06.2014,90.558
2109,2109,18.06.2014,87.359
2110,2110,17.06.2014,87.845
2111,2111,16.06.2014,87.693
2112,2112,15.06.2014,87.364
2113,2113,13.06.2014,87.175
2114,2114,12.06.2014,86.48
2115,2115,11.06.2014,85.742
2116,2116,10.06.2014,84.242
2117,2117,09.06.2014,83.991
2118,2118,08.06.2014,83.74
2119,2119,06.06.2014,83.706
2120,2120,05.06.2014,84.524
2121,2121,04.06.2014,84.633
2122,2122,03.06.2014,84.803
2123,2123,02.06.2014,84.392
2124,2124,01.06.2014,84.1
2125,2125,30.05.2014,84.258
2126,2126,29.05.2014,84.383
2127,2127,28.05.2014,84.821
2128,2128,27.05.2014,85.39
2129,2129,26.05.2014,86.549
2130,2130,25.05.2014,86.438
2131,2131,23.05.2014,86.524
2132,2132,22.05.2014,86.633
2133,2133,21.05.2014,87.08
2134,2134,20.05.2014,87.965
2135,2135,19.05.2014,87.183
2136,2136,18.05.2014,87.132
2137,2137,16.05.2014,87.248
2138,2138,15.05.2014,87.494
2139,2139,14.05.2014,86.937
2140,2140,13.05.2014,86.119
2141,2141,12.05.2014,86.73
2142,2142,11.05.2014,85.709
2143,2143,09.05.2014,86.07
2144,2144,08.05.2014,86.198
2145,2145,07.05.2014,86.355
2146,2146,06.05.2014,87.848
2147,2147,05.05.2014,88.537
2148,2148,04.05.2014,88.006
2149,2149,02.05.2014,87.878
2150,2150,01.05.2014,86.988
2151,2151,30.04.2014,87.727
2152,2152,29.04.2014,88.398
2153,2153,28.04.2014,88.742
2154,2154,27.04.2014,89.569
2155,2155,25.04.2014,89.4
2156,2156,24.04.2014,88.647
2157,2157,23.04.2014,88.835
2158,2158,22.04.2014,88.503
2159,2159,21.04.2014,88.45
2160,2160,20.04.2014,88.484
2161,2161,17.04.2014,88.566
2162,2162,16.04.2014,89.533
2163,2163,15.04.2014,89.772
2164,2164,14.04.2014,90.453
2165,2165,13.04.2014,90.342
2166,2166,11.04.2014,89.585
2167,2167,10.04.2014,89.501
2168,2168,09.04.2014,88.613
2169,2169,08.04.2014,88.225
2170,2170,07.04.2014,88.174
2171,2171,06.04.2014,88.641
2172,2172,04.04.2014,88.569
2173,2173,03.04.2014,88.183
2174,2174,02.04.2014,88.327
2175,2175,01.04.2014,88.014
2176,2176,31.03.2014,88.322
2177,2177,30.03.2014,90.744
2178,2178,28.03.2014,91.256
2179,2179,27.03.2014,90.846
2180,2180,26.03.2014,92.049
2181,2181,25.03.2014,93.356
2182,2182,24.03.2014,94.301
2183,2183,23.03.2014,95.813
2184,2184,21.03.2014,95.87
2185,2185,20.03.2014,95.513
2186,2186,19.03.2014,95.81
2187,2187,18.03.2014,96.727
2188,2188,17.03.2014,97.563
2189,2189,16.03.2014,99.088
2190,2190,14.03.2014,98.341
2191,2191,13.03.2014,98.687
2192,2192,12.03.2014,98.131
2193,2193,11.03.2014,97.275
2194,2194,10.03.2014,95.645
2195,2195,09.03.2014,94.909
2196,2196,07.03.2014,95.001
2197,2197,06.03.2014,94.59
2198,2198,05.03.2014,94.662
2199,2199,04.03.2014,94.769
2200,2200,03.03.2014,96.79
2201,2201,02.03.2014,95.886
2202,2202,28.02.2014,94.143
2203,2203,27.02.2014,94.712
2204,2204,26.02.2014,95.171
2205,2205,25.02.2014,95.226
2206,2206,24.02.2014,94.442
2207,2207,21.02.2014,92.431
2208,2208,20.02.2014,93.559
2209,2209,19.02.2014,93.101
2210,2210,18.02.2014,92.583
2211,2211,17.02.2014,92.901
2212,2212,14.02.2014,92.475
2213,2213,13.02.2014,91.389
2214,2214,12.02.2014,90.895
2215,2215,11.02.2014,90.949
2216,2216,10.02.2014,90.7
2217,2217,07.02.2014,90.288
2218,2218,06.02.2014,89.348
2219,2219,05.02.2014,90.465
2220,2220,04.02.2014,90.145
2221,2221,03.02.2014,92.168
2222,2222,31.01.2014,90.043
2223,2223,30.01.2014,90.648
2224,2224,29.01.2014,92.082
2225,2225,28.01.2014,88.62
2226,2226,27.01.2014,92.141
2227,2227,24.01.2014,95.322
2228,2228,23.01.2014,93.074
2229,2229,22.01.2014,89.754
2230,2230,21.01.2014,89.714
2231,2231,20.01.2014,90.289
2232,2232,17.01.2014,89.948
2233,2233,16.01.2014,88.076
2234,2234,15.01.2014,87.388
2235,2235,14.01.2014,87.312
2236,2236,13.01.2014,87.735
2237,2237,10.01.2014,86.69
2238,2238,09.01.2014,85.868
2239,2239,08.01.2014,86.039
2240,2240,07.01.2014,85.769
2241,2241,06.01.2014,86.288
2242,2242,03.01.2014,86.464
2243,2243,02.01.2014,85.331
2244,2244,2013-12-31 00:00:00,83.374
2245,2245,2013-12-30 00:00:00,81.708
2246,2246,2013-12-27 00:00:00,84.02
2247,2247,2013-12-26 00:00:00,82.826
2248,2248,2013-12-25 00:00:00,81.218
2249,2249,2013-12-24 00:00:00,80.471
2250,2250,2013-12-23 00:00:00,80.902
2251,2251,2013-12-20 00:00:00,80.906
2252,2252,2013-12-19 00:00:00,79.183
2253,2253,2013-12-18 00:00:00,80.629
2254,2254,2013-12-17 00:00:00,80.656
2255,2255,2013-12-16 00:00:00,80.904
2256,2256,2013-12-13 00:00:00,81.203
2257,2257,2013-12-12 00:00:00,80.514
2258,2258,2013-12-11 00:00:00,82.236
2259,2259,2013-12-10 00:00:00,82.255
2260,2260,2013-12-09 00:00:00,81.03
2261,2261,2013-12-06 00:00:00,80.078
2262,2262,2013-12-05 00:00:00,80.242
2263,2263,2013-12-04 00:00:00,81.901
2264,2264,2013-12-03 00:00:00,80.455
2265,2265,2013-12-02 00:00:00,79.932
2266,2266,2013-11-29 00:00:00,81.381
2267,2267,2013-11-28 00:00:00,80.509
2268,2268,2013-11-27 00:00:00,80.61
2269,2269,2013-11-26 00:00:00,80.355
2270,2270,2013-11-25 00:00:00,80.81
2271,2271,2013-11-22 00:00:00,80.19
2272,2272,2013-11-21 00:00:00,80.518
2273,2273,2013-11-20 00:00:00,80.57
2274,2274,2013-11-19 00:00:00,82.476
2275,2275,2013-11-18 00:00:00,82.964
2276,2276,2013-11-15 00:00:00,84.224
2277,2277,2013-11-14 00:00:00,84.171
2278,2278,2013-11-13 00:00:00,84.247
2279,2279,2013-11-12 00:00:00,83.634
2280,2280,2013-11-11 00:00:00,84.219
2281,2281,2013-11-08 00:00:00,84.426
2282,2282,2013-11-07 00:00:00,85.456
2283,2283,2013-11-06 00:00:00,86.191
2284,2284,2013-11-05 00:00:00,85.626
2285,2285,2013-11-04 00:00:00,85.2
2286,2286,2013-11-01 00:00:00,85.37
2287,2287,2013-10-31 00:00:00,84.936
2288,2288,2013-10-30 00:00:00,86.098
2289,2289,2013-10-29 00:00:00,86.103
2290,2290,2013-10-28 00:00:00,86.301
2291,2291,2013-10-25 00:00:00,86.173
2292,2292,2013-10-24 00:00:00,85.752
2293,2293,2013-10-23 00:00:00,84.657
2294,2294,2013-10-22 00:00:00,84.778
2295,2295,2013-10-21 00:00:00,83.8
2296,2296,2013-10-18 00:00:00,83.322
2297,2297,2013-10-17 00:00:00,83.444
2298,2298,2013-10-16 00:00:00,81.295
2299,2299,2013-10-15 00:00:00,81.818
2300,2300,2013-10-14 00:00:00,81.0
2301,2301,2013-10-11 00:00:00,81.032
2302,2302,2013-10-10 00:00:00,81.781
2303,2303,2013-10-09 00:00:00,83.305
2304,2304,2013-10-08 00:00:00,84.385
2305,2305,2013-10-07 00:00:00,84.742
2306,2306,2013-10-04 00:00:00,83.756
2307,2307,2013-10-03 00:00:00,84.82
2308,2308,2013-10-02 00:00:00,84.394
2309,2309,2013-10-01 00:00:00,83.199
2310,2310,2013-09-30 00:00:00,86.184
2311,2311,2013-09-27 00:00:00,87.28
2312,2312,2013-09-26 00:00:00,86.13
2313,2313,2013-09-25 00:00:00,86.468
2314,2314,2013-09-24 00:00:00,84.981
2315,2315,2013-09-23 00:00:00,84.215
2316,2316,2013-09-20 00:00:00,84.476
2317,2317,2013-09-19 00:00:00,86.085
2318,2318,2013-09-18 00:00:00,85.514
2319,2319,2013-09-17 00:00:00,84.357
2320,2320,2013-09-16 00:00:00,84.653
2321,2321,2013-09-13 00:00:00,86.502
2322,2322,2013-09-12 00:00:00,86.24
2323,2323,2013-09-11 00:00:00,88.338
2324,2324,2013-09-10 00:00:00,88.288
2325,2325,2013-09-09 00:00:00,90.375
2326,2326,2013-09-06 00:00:00,91.824
2327,2327,2013-09-05 00:00:00,90.995
2328,2328,2013-09-04 00:00:00,91.688
2329,2329,2013-09-03 00:00:00,93.521
2330,2330,2013-09-02 00:00:00,90.405
2331,2331,2013-08-30 00:00:00,91.413
2332,2332,2013-08-29 00:00:00,92.139
2333,2333,2013-08-28 00:00:00,92.915
2334,2334,2013-08-27 00:00:00,92.907
2335,2335,2013-08-26 00:00:00,90.188
2336,2336,2013-08-23 00:00:00,89.28
2337,2337,2013-08-22 00:00:00,88.228
2338,2338,2013-08-21 00:00:00,87.106
2339,2339,2013-08-20 00:00:00,85.956
2340,2340,2013-08-19 00:00:00,85.785
2341,2341,2013-08-16 00:00:00,86.061
2342,2342,2013-08-15 00:00:00,84.893
2343,2343,2013-08-14 00:00:00,83.125
2344,2344,2013-08-13 00:00:00,82.114
2345,2345,2013-08-12 00:00:00,82.734
2346,2346,2013-08-09 00:00:00,81.191
2347,2347,2013-08-08 00:00:00,81.166
2348,2348,2013-08-07 00:00:00,79.938
2349,2349,2013-08-06 00:00:00,79.373
2350,2350,2013-08-05 00:00:00,80.887
2351,2351,2013-08-02 00:00:00,81.215
2352,2352,2013-08-01 00:00:00,82.007
2353,2353,2013-07-31 00:00:00,82.351
2354,2354,2013-07-30 00:00:00,82.024
2355,2355,2013-07-29 00:00:00,82.287
2356,2356,2013-07-26 00:00:00,82.52
2357,2357,2013-07-25 00:00:00,82.421
2358,2358,2013-07-24 00:00:00,81.625
2359,2359,2013-07-23 00:00:00,82.326
2360,2360,2013-07-22 00:00:00,82.14
2361,2361,2013-07-19 00:00:00,79.902
2362,2362,2013-07-18 00:00:00,79.325
2363,2363,2013-07-17 00:00:00,78.333
2364,2364,2013-07-16 00:00:00,79.768
2365,2365,2013-07-15 00:00:00,79.757
2366,2366,2013-07-12 00:00:00,80.732
2367,2367,2013-07-11 00:00:00,80.634
2368,2368,2013-07-10 00:00:00,78.92
2369,2369,2013-07-09 00:00:00,78.058
2370,2370,2013-07-08 00:00:00,77.401
2371,2371,2013-07-05 00:00:00,77.378
2372,2372,2013-07-04 00:00:00,78.074
2373,2373,2013-07-03 00:00:00,78.365
2374,2374,2013-07-02 00:00:00,77.305
2375,2375,2013-07-01 00:00:00,77.509
2376,2376,2013-06-28 00:00:00,76.558
2377,2377,2013-06-27 00:00:00,74.145
2378,2378,2013-06-26 00:00:00,76.252
2379,2379,2013-06-25 00:00:00,79.36
2380,2380,2013-06-24 00:00:00,80.245
2381,2381,2013-06-21 00:00:00,80.821
2382,2382,2013-06-20 00:00:00,79.617
2383,2383,2013-06-19 00:00:00,82.788
2384,2384,2013-06-18 00:00:00,82.974
2385,2385,2013-06-17 00:00:00,83.412
2386,2386,2013-06-14 00:00:00,83.119
2387,2387,2013-06-13 00:00:00,82.976
2388,2388,2013-06-12 00:00:00,83.724
2389,2389,2013-06-11 00:00:00,83.823
2390,2390,2013-06-10 00:00:00,84.755
2391,2391,2013-06-07 00:00:00,83.474
2392,2392,2013-06-06 00:00:00,86.049
2393,2393,2013-06-05 00:00:00,85.34
2394,2394,2013-06-04 00:00:00,84.39
2395,2395,2013-06-03 00:00:00,85.39
2396,2396,2013-05-31 00:00:00,83.688
2397,2397,2013-05-30 00:00:00,85.233
2398,2398,2013-05-29 00:00:00,83.378
2399,2399,2013-05-28 00:00:00,82.555
2400,2400,2013-05-27 00:00:00,82.754
2401,2401,2013-05-24 00:00:00,82.401
2402,2402,2013-05-23 00:00:00,82.508
2403,2403,2013-05-22 00:00:00,81.477
2404,2404,2013-05-21 00:00:00,81.458
2405,2405,2013-05-20 00:00:00,82.549
2406,2406,2013-05-17 00:00:00,80.469
2407,2407,2013-05-16 00:00:00,81.321
2408,2408,2013-05-15 00:00:00,81.617
2409,2409,2013-05-14 00:00:00,83.219
2410,2410,2013-05-13 00:00:00,83.328
2411,2411,2013-05-10 00:00:00,83.865
2412,2412,2013-05-09 00:00:00,84.29
2413,2413,2013-05-08 00:00:00,84.85
2414,2414,2013-05-07 00:00:00,83.899
2415,2415,2013-05-06 00:00:00,84.95
2416,2416,2013-05-03 00:00:00,84.852
2417,2417,2013-05-02 00:00:00,84.615
2418,2418,2013-05-01 00:00:00,84.082
2419,2419,2013-04-30 00:00:00,85.077
2420,2420,2013-04-29 00:00:00,85.183
2421,2421,2013-04-26 00:00:00,84.525
2422,2422,2013-04-25 00:00:00,84.875
2423,2423,2013-04-24 00:00:00,83.021
2424,2424,2013-04-23 00:00:00,81.984
2425,2425,2013-04-22 00:00:00,82.79
2426,2426,2013-04-19 00:00:00,81.236
2427,2427,2013-04-18 00:00:00,80.35
2428,2428,2013-04-17 00:00:00,79.651
2429,2429,2013-04-16 00:00:00,78.703
2430,2430,2013-04-15 00:00:00,78.016
2431,2431,2013-04-12 00:00:00,85.139
2432,2432,2013-04-11 00:00:00,89.574
2433,2433,2013-04-10 00:00:00,89.711
2434,2434,2013-04-09 00:00:00,90.945
2435,2435,2013-04-08 00:00:00,90.34
2436,2436,2013-04-05 00:00:00,91.61
2437,2437,2013-04-04 00:00:00,90.053
2438,2438,2013-04-03 00:00:00,90.591
2439,2439,2013-04-02 00:00:00,91.413
2440,2440,2013-04-01 00:00:00,92.823
2441,2441,2013-03-29 00:00:00,92.658
2442,2442,2013-03-28 00:00:00,92.939
2443,2443,2013-03-27 00:00:00,93.546
2444,2444,2013-03-26 00:00:00,93.287
2445,2445,2013-03-25 00:00:00,94.021
2446,2446,2013-03-22 00:00:00,93.862
2447,2447,2013-03-21 00:00:00,94.369
2448,2448,2013-03-20 00:00:00,93.851
2449,2449,2013-03-19 00:00:00,94.695
2450,2450,2013-03-18 00:00:00,93.533
2451,2451,2013-03-15 00:00:00,92.491
2452,2452,2013-03-14 00:00:00,92.553
2453,2453,2013-03-13 00:00:00,92.541
2454,2454,2013-03-12 00:00:00,92.352
2455,2455,2013-03-11 00:00:00,91.516
2456,2456,2013-03-08 00:00:00,91.618
2457,2457,2013-03-07 00:00:00,91.235
2458,2458,2013-03-06 00:00:00,91.605
2459,2459,2013-03-05 00:00:00,90.743
2460,2460,2013-03-04 00:00:00,91.125
2461,2461,2013-03-01 00:00:00,91.118
2462,2462,2013-02-28 00:00:00,91.369
2463,2463,2013-02-27 00:00:00,92.271
2464,2464,2013-02-26 00:00:00,93.727
2465,2465,2013-02-25 00:00:00,92.782
2466,2466,2013-02-22 00:00:00,91.596
2467,2467,2013-02-21 00:00:00,90.93
2468,2468,2013-02-20 00:00:00,89.726
2469,2469,2013-02-19 00:00:00,91.627
2470,2470,2013-02-18 00:00:00,91.457
2471,2471,2013-02-15 00:00:00,91.429
2472,2472,2013-02-14 00:00:00,92.934
2473,2473,2013-02-13 00:00:00,93.173
2474,2474,2013-02-12 00:00:00,94.127
2475,2475,2013-02-11 00:00:00,94.122
2476,2476,2013-02-08 00:00:00,94.978
2477,2477,2013-02-07 00:00:00,95.243
2478,2478,2013-02-06 00:00:00,95.51
2479,2479,2013-02-05 00:00:00,94.782
2480,2480,2013-02-04 00:00:00,94.905
2481,2481,2013-02-01 00:00:00,93.663
2482,2482,2013-01-31 00:00:00,94.12
2483,2483,2013-01-30 00:00:00,95.371
2484,2484,2013-01-29 00:00:00,94.584
2485,2485,2013-01-28 00:00:00,94.296
2486,2486,2013-01-25 00:00:00,94.226
2487,2487,2013-01-24 00:00:00,94.884
2488,2488,2013-01-23 00:00:00,95.93
2489,2489,2013-01-22 00:00:00,96.231
2490,2490,2013-01-21 00:00:00,95.899
2491,2491,2013-01-18 00:00:00,95.355
2492,2492,2013-01-17 00:00:00,95.105
2493,2493,2013-01-16 00:00:00,95.404
2494,2494,2013-01-15 00:00:00,95.556
2495,2495,2013-01-14 00:00:00,94.895
2496,2496,2013-01-11 00:00:00,94.618
2497,2497,2013-01-10 00:00:00,95.19
2498,2498,2013-01-09 00:00:00,94.688
2499,2499,2013-01-08 00:00:00,94.97
2500,2500,2013-01-07 00:00:00,94.281
2501,2501,2013-01-04 00:00:00,94.883
2502,2502,2013-01-03 00:00:00,95.478
2503,2503,2013-01-02 00:00:00,96.417
2504,2504,2013-01-01 00:00:00,96.124
