,Unnamed: 0,Tarih,Açılış
0,,2013-01-01,96.124
1,,2013-01-02,96.417
2,,2013-01-03,95.478
3,,2013-01-04,94.883
4,,2013-01-07,94.281
5,,2013-01-08,94.97
6,,2013-01-09,94.68799999999999
7,,2013-01-10,95.19
8,,2013-01-11,94.618
9,,2013-01-14,94.895
10,,2013-01-15,95.556
11,,2013-01-16,95.404
12,,2013-01-17,95.105
13,,2013-01-18,95.355
14,,2013-01-21,95.899
15,,2013-01-22,96.23100000000001
16,,2013-01-23,95.93
17,,2013-01-24,94.884
18,,2013-01-25,94.226
19,,2013-01-28,94.296
20,,2013-01-29,94.584
21,,2013-01-30,95.37100000000001
22,,2013-01-31,94.12
23,,2013-02-01,93.663
24,,2013-02-04,94.905
25,,2013-02-05,94.78200000000001
26,,2013-02-06,95.51
27,,2013-02-07,95.243
28,,2013-02-08,94.978
29,,2013-02-11,94.12200000000001
30,,2013-02-12,94.12700000000001
31,,2013-02-13,93.17299999999999
32,,2013-02-14,92.934
33,,2013-02-15,91.429
34,,2013-02-18,91.45700000000001
35,,2013-02-19,91.62700000000001
36,,2013-02-20,89.726
37,,2013-02-21,90.93
38,,2013-02-22,91.596
39,,2013-02-25,92.78200000000001
40,,2013-02-26,93.727
41,,2013-02-27,92.271
42,,2013-02-28,91.369
43,,2013-03-01,91.118
44,,2013-03-04,91.125
45,,2013-03-05,90.743
46,,2013-03-06,91.605
47,,2013-03-07,91.235
48,,2013-03-08,91.618
49,,2013-03-11,91.516
50,,2013-03-12,92.352
51,,2013-03-13,92.541
52,,2013-03-14,92.553
53,,2013-03-15,92.491
54,,2013-03-18,93.53299999999999
55,,2013-03-19,94.695
56,,2013-03-20,93.851
57,,2013-03-21,94.369
58,,2013-03-22,93.86200000000001
59,,2013-03-25,94.021
60,,2013-03-26,93.287
61,,2013-03-27,93.546
62,,2013-03-28,92.939
63,,2013-03-29,92.65799999999999
64,,2013-04-01,92.823
65,,2013-04-02,91.413
66,,2013-04-03,90.59100000000001
67,,2013-04-04,90.053
68,,2013-04-05,91.61
69,,2013-04-08,90.34
70,,2013-04-09,90.945
71,,2013-04-10,89.711
72,,2013-04-11,89.574
73,,2013-04-12,85.139
74,,2013-04-15,78.016
75,,2013-04-16,78.703
76,,2013-04-17,79.65100000000001
77,,2013-04-18,80.35
78,,2013-04-19,81.236
79,,2013-04-22,82.79
80,,2013-04-23,81.984
81,,2013-04-24,83.021
82,,2013-04-25,84.875
83,,2013-04-26,84.525
84,,2013-04-29,85.18299999999999
85,,2013-04-30,85.07700000000001
86,,2013-05-01,84.08200000000001
87,,2013-05-02,84.615
88,,2013-05-03,84.852
89,,2013-05-06,84.95
90,,2013-05-07,83.899
91,,2013-05-08,84.85
92,,2013-05-09,84.29
93,,2013-05-10,83.865
94,,2013-05-13,83.32799999999999
95,,2013-05-14,83.219
96,,2013-05-15,81.617
97,,2013-05-16,81.321
98,,2013-05-17,80.469
99,,2013-05-20,82.54899999999999
100,,2013-05-21,81.458
101,,2013-05-22,81.477
102,,2013-05-23,82.508
103,,2013-05-24,82.40100000000001
104,,2013-05-27,82.75399999999999
105,,2013-05-28,82.555
106,,2013-05-29,83.37799999999999
107,,2013-05-30,85.23299999999999
108,,2013-05-31,83.68799999999999
109,,2013-06-03,85.39
110,,2013-06-04,84.39
111,,2013-06-05,85.34
112,,2013-06-06,86.04899999999999
113,,2013-06-07,83.47399999999999
114,,2013-06-10,84.755
115,,2013-06-11,83.823
116,,2013-06-12,83.72399999999999
117,,2013-06-13,82.976
118,,2013-06-14,83.119
119,,2013-06-17,83.412
120,,2013-06-18,82.97399999999999
121,,2013-06-19,82.788
122,,2013-06-20,79.617
123,,2013-06-21,80.821
124,,2013-06-24,80.245
125,,2013-06-25,79.36
126,,2013-06-26,76.252
127,,2013-06-27,74.145
128,,2013-06-28,76.558
129,,2013-07-01,77.509
130,,2013-07-02,77.305
131,,2013-07-03,78.365
132,,2013-07-04,78.074
133,,2013-07-05,77.378
134,,2013-07-08,77.40100000000001
135,,2013-07-09,78.058
136,,2013-07-10,78.92
137,,2013-07-11,80.634
138,,2013-07-12,80.732
139,,2013-07-15,79.757
140,,2013-07-16,79.768
141,,2013-07-17,78.333
142,,2013-07-18,79.325
143,,2013-07-19,79.902
144,,2013-07-22,82.14
145,,2013-07-23,82.32600000000001
146,,2013-07-24,81.625
147,,2013-07-25,82.421
148,,2013-07-26,82.52
149,,2013-07-29,82.287
150,,2013-07-30,82.024
151,,2013-07-31,82.351
152,,2013-08-01,82.007
153,,2013-08-02,81.215
154,,2013-08-05,80.887
155,,2013-08-06,79.373
156,,2013-08-07,79.938
157,,2013-08-08,81.166
158,,2013-08-09,81.191
159,,2013-08-12,82.734
160,,2013-08-13,82.11399999999999
161,,2013-08-14,83.125
162,,2013-08-15,84.89299999999999
163,,2013-08-16,86.061
164,,2013-08-19,85.785
165,,2013-08-20,85.956
166,,2013-08-21,87.10600000000001
167,,2013-08-22,88.228
168,,2013-08-23,89.28
169,,2013-08-26,90.18799999999999
170,,2013-08-27,92.90700000000001
171,,2013-08-28,92.915
172,,2013-08-29,92.139
173,,2013-08-30,91.413
174,,2013-09-02,90.405
175,,2013-09-03,93.521
176,,2013-09-04,91.68799999999999
177,,2013-09-05,90.995
178,,2013-09-06,91.824
179,,2013-09-09,90.375
180,,2013-09-10,88.288
181,,2013-09-11,88.338
182,,2013-09-12,86.24
183,,2013-09-13,86.50200000000001
184,,2013-09-16,84.65299999999999
185,,2013-09-17,84.35700000000001
186,,2013-09-18,85.514
187,,2013-09-19,86.085
188,,2013-09-20,84.476
189,,2013-09-23,84.215
190,,2013-09-24,84.98100000000001
191,,2013-09-25,86.46799999999999
192,,2013-09-26,86.13
193,,2013-09-27,87.28
194,,2013-09-30,86.184
195,,2013-10-01,83.199
196,,2013-10-02,84.39399999999999
197,,2013-10-03,84.82
198,,2013-10-04,83.756
199,,2013-10-07,84.742
200,,2013-10-08,84.385
201,,2013-10-09,83.305
202,,2013-10-10,81.781
203,,2013-10-11,81.032
204,,2013-10-14,81.0
205,,2013-10-15,81.818
206,,2013-10-16,81.295
207,,2013-10-17,83.444
208,,2013-10-18,83.322
209,,2013-10-21,83.8
210,,2013-10-22,84.77799999999999
211,,2013-10-23,84.65700000000001
212,,2013-10-24,85.75200000000001
213,,2013-10-25,86.17299999999999
214,,2013-10-28,86.301
215,,2013-10-29,86.103
216,,2013-10-30,86.098
217,,2013-10-31,84.936
218,,2013-11-01,85.37
219,,2013-11-04,85.2
220,,2013-11-05,85.626
221,,2013-11-06,86.191
222,,2013-11-07,85.456
223,,2013-11-08,84.426
224,,2013-11-11,84.219
225,,2013-11-12,83.634
226,,2013-11-13,84.24700000000001
227,,2013-11-14,84.171
228,,2013-11-15,84.22399999999999
229,,2013-11-18,82.964
230,,2013-11-19,82.476
231,,2013-11-20,80.57
232,,2013-11-21,80.518
233,,2013-11-22,80.19
234,,2013-11-25,80.81
235,,2013-11-26,80.355
236,,2013-11-27,80.61
237,,2013-11-28,80.509
238,,2013-11-29,81.381
239,,2013-12-02,79.932
240,,2013-12-03,80.455
241,,2013-12-04,81.90100000000001
242,,2013-12-05,80.242
243,,2013-12-06,80.078
244,,2013-12-09,81.03
245,,2013-12-10,82.255
246,,2013-12-11,82.236
247,,2013-12-12,80.514
248,,2013-12-13,81.203
249,,2013-12-16,80.904
250,,2013-12-17,80.656
251,,2013-12-18,80.62899999999999
252,,2013-12-19,79.183
253,,2013-12-20,80.906
254,,2013-12-23,80.902
255,,2013-12-24,80.471
256,,2013-12-25,81.218
257,,2013-12-26,82.82600000000001
258,,2013-12-27,84.02
259,,2013-12-30,81.708
260,,2013-12-31,83.374
2436,,2014-01-04,88.322
2411,,2014-01-05,87.727
2385,,2014-01-06,84.244
2359,,2014-01-07,90.34299999999999
2332,,2014-01-08,88.354
2307,,2014-01-09,89.40700000000001
2281,,2014-01-10,88.508
2229,,2014-01-12,82.223
2497,,2014-01-13,86.711
2496,,2014-01-14,87.71799999999999
2495,,2014-01-15,87.316
2494,,2014-01-16,87.404
2493,,2014-01-17,88.086
2492,,2014-01-20,89.911
2491,,2014-01-21,90.304
2490,,2014-01-22,89.759
2489,,2014-01-23,89.69200000000001
2488,,2014-01-24,93.03
2487,,2014-01-27,95.079
2486,,2014-01-28,92.06700000000001
2485,,2014-01-29,87.91799999999999
2484,,2014-01-30,92.052
2483,,2014-01-31,90.28299999999999
2504,,2014-02-01,82.973
2462,,2014-02-03,94.147
2435,,2014-02-04,88.014
2410,,2014-02-05,86.98899999999999
2384,,2014-02-06,84.1
2358,,2014-02-07,90.729
2306,,2014-02-09,89.32600000000001
2280,,2014-02-10,89.23
2254,,2014-02-11,83.881
2228,,2014-02-12,85.891
2474,,2014-02-13,90.77
2473,,2014-02-14,91.325
2472,,2014-02-17,92.41799999999999
2471,,2014-02-18,92.883
2470,,2014-02-19,92.55
2469,,2014-02-20,93.18799999999999
2468,,2014-02-21,93.46799999999999
2467,,2014-02-24,92.723
2466,,2014-02-25,94.52600000000001
2465,,2014-02-26,95.271
2464,,2014-02-27,95.64200000000001
2463,,2014-02-28,94.71799999999999
2503,,2014-03-01,85.194
2482,,2014-03-02,90.271
2461,,2014-03-03,95.887
2434,,2014-03-04,88.32600000000001
2383,,2014-03-06,84.391
2357,,2014-03-07,90.785
2331,,2014-03-08,88.676
2305,,2014-03-09,88.527
2279,,2014-03-10,88.46700000000001
2253,,2014-03-11,83.544
2227,,2014-03-12,85.92
2452,,2014-03-13,98.137
2451,,2014-03-14,98.68700000000001
2450,,2014-03-16,98.708
2449,,2014-03-17,99.09299999999999
2448,,2014-03-18,97.545
2447,,2014-03-19,96.71600000000001
2446,,2014-03-20,95.734
2445,,2014-03-21,95.512
2444,,2014-03-23,96.329
2443,,2014-03-24,95.82700000000001
2442,,2014-03-25,94.295
2441,,2014-03-26,93.35600000000001
2440,,2014-03-27,92.045
2439,,2014-03-28,90.834
2438,,2014-03-30,91.045
2437,,2014-03-31,90.744
2481,,2014-04-02,92.18299999999999
2460,,2014-04-03,96.796
2433,,2014-04-04,88.184
2409,,2014-04-05,88.07
2382,,2014-04-06,84.79700000000001
2356,,2014-04-07,90.318
2330,,2014-04-08,88.71799999999999
2304,,2014-04-09,88.12299999999999
2252,,2014-04-11,83.71799999999999
2226,,2014-04-12,87.03200000000001
2426,,2014-04-13,89.585
2425,,2014-04-14,90.324
2424,,2014-04-15,90.449
2423,,2014-04-16,89.772
2422,,2014-04-17,89.539
2421,,2014-04-20,89.00299999999999
2420,,2014-04-21,88.49799999999999
2419,,2014-04-22,88.476
2418,,2014-04-23,88.50299999999999
2417,,2014-04-24,88.82
2416,,2014-04-25,88.647
2415,,2014-04-27,89.41
2414,,2014-04-28,89.59299999999999
2413,,2014-04-29,88.725
2412,,2014-04-30,88.40100000000001
2480,,2014-05-02,90.042
2459,,2014-05-03,94.76899999999999
2408,,2014-05-05,88.006
2381,,2014-05-06,84.637
2329,,2014-05-08,88.251
2303,,2014-05-09,87.587
2278,,2014-05-10,87.777
2251,,2014-05-11,83.51799999999999
2225,,2014-05-12,86.545
2401,,2014-05-13,86.74
2400,,2014-05-14,86.13600000000001
2399,,2014-05-15,86.93700000000001
2398,,2014-05-16,87.491
2397,,2014-05-18,87.24799999999999
2396,,2014-05-19,87.12700000000001
2395,,2014-05-20,87.18299999999999
2394,,2014-05-21,87.965
2393,,2014-05-22,87.08
2392,,2014-05-23,86.62200000000001
2391,,2014-05-25,86.465
2390,,2014-05-26,86.441
2389,,2014-05-27,86.54799999999999
2388,,2014-05-28,85.398
2387,,2014-05-29,84.821
2386,,2014-05-30,84.38
2502,,2014-06-01,86.462
2479,,2014-06-02,90.363
2458,,2014-06-03,94.663
2432,,2014-06-04,88.63799999999999
2407,,2014-06-05,88.535
2380,,2014-06-06,84.525
2355,,2014-06-07,90.59
2328,,2014-06-08,89.182
2277,,2014-06-10,87.49700000000001
2250,,2014-06-11,82.551
2374,,2014-06-13,86.48200000000001
2373,,2014-06-15,87.30799999999999
2372,,2014-06-16,87.354
2371,,2014-06-17,87.693
2370,,2014-06-18,87.85
2369,,2014-06-19,87.35799999999999
2368,,2014-06-20,90.531
2367,,2014-06-22,90.635
2366,,2014-06-23,90.681
2365,,2014-06-24,90.25
2364,,2014-06-25,90.814
2363,,2014-06-26,90.35799999999999
2362,,2014-06-27,89.95200000000001
2361,,2014-06-29,89.852
2360,,2014-06-30,89.818
2501,,2014-07-01,86.27799999999999
2478,,2014-07-02,89.206
2457,,2014-07-03,94.59700000000001
2431,,2014-07-04,88.67399999999999
2406,,2014-07-05,87.848
2354,,2014-07-07,90.351
2327,,2014-07-08,90.70200000000001
2302,,2014-07-09,88.042
2276,,2014-07-10,88.00299999999999
2249,,2014-07-11,83.115
2224,,2014-07-12,86.479
2349,,2014-07-13,91.25299999999999
2348,,2014-07-14,91.26799999999999
2347,,2014-07-15,89.09200000000001
2346,,2014-07-16,88.44200000000001
2345,,2014-07-17,88.609
2344,,2014-07-18,90.845
2343,,2014-07-20,89.58
2342,,2014-07-21,89.561
2341,,2014-07-22,89.31700000000001
2340,,2014-07-23,88.59899999999999
2339,,2014-07-24,87.555
2338,,2014-07-25,86.988
2337,,2014-07-27,87.96700000000001
2336,,2014-07-28,87.926
2335,,2014-07-29,88.012
2334,,2014-07-30,88.339
2333,,2014-07-31,88.90700000000001
2500,,2014-08-01,85.723
2430,,2014-08-04,88.17399999999999
2405,,2014-08-05,86.355
2379,,2014-08-06,83.664
2353,,2014-08-07,90.23899999999999
2326,,2014-08-08,91.46799999999999
2301,,2014-08-09,87.93
2275,,2014-08-10,88.53200000000001
2223,,2014-08-12,86.405
2323,,2014-08-13,91.055
2322,,2014-08-14,90.927
2321,,2014-08-15,90.906
2320,,2014-08-17,90.726
2319,,2014-08-18,90.73700000000001
2318,,2014-08-19,90.302
2317,,2014-08-20,90.075
2316,,2014-08-21,90.595
2315,,2014-08-22,89.476
2314,,2014-08-24,89.602
2313,,2014-08-25,89.56299999999999
2312,,2014-08-26,89.416
2311,,2014-08-27,89.206
2310,,2014-08-28,88.913
2309,,2014-08-29,89.65
2308,,2014-08-31,89.455
2499,,2014-09-01,86.01100000000001
2456,,2014-09-03,95.046
2429,,2014-09-04,88.225
2404,,2014-09-05,86.198
2378,,2014-09-06,83.75
2352,,2014-09-07,90.059
2300,,2014-09-09,87.76799999999999
2274,,2014-09-10,88.762
2248,,2014-09-11,85.34700000000001
2222,,2014-09-12,87.734
2296,,2014-09-14,87.49
2295,,2014-09-15,87.74600000000001
2294,,2014-09-16,87.794
2293,,2014-09-17,87.521
2292,,2014-09-18,87.37
2291,,2014-09-19,87.645
2290,,2014-09-21,87.383
2289,,2014-09-22,87.399
2288,,2014-09-23,87.54
2287,,2014-09-24,87.914
2286,,2014-09-25,87.47200000000001
2285,,2014-09-26,88.882
2284,,2014-09-28,88.71
2283,,2014-09-29,88.589
2282,,2014-09-30,89.171
2498,,2014-10-01,85.84700000000001
2477,,2014-10-02,90.21
2455,,2014-10-03,94.882
2428,,2014-10-04,88.60600000000001
2377,,2014-10-06,83.97399999999999
2351,,2014-10-07,90.26899999999999
2299,,2014-10-09,88.617
2273,,2014-10-10,89.32799999999999
2247,,2014-10-11,84.962
2221,,2014-10-12,89.566
2271,,2014-10-13,90.461
2270,,2014-10-14,90.223
2269,,2014-10-15,89.869
2268,,2014-10-16,90.565
2267,,2014-10-17,90.07700000000001
2266,,2014-10-19,89.425
2265,,2014-10-20,89.18
2264,,2014-10-21,89.868
2263,,2014-10-22,90.113
2262,,2014-10-23,89.75299999999999
2261,,2014-10-24,88.523
2260,,2014-10-26,88.295
2259,,2014-10-27,88.145
2258,,2014-10-28,87.91799999999999
2257,,2014-10-29,87.225
2256,,2014-10-30,86.38600000000001
2255,,2014-10-31,84.865
2476,,2014-11-02,90.61399999999999
2454,,2014-11-03,95.65100000000001
2427,,2014-11-04,89.501
2403,,2014-11-05,86.11399999999999
2376,,2014-11-06,84.234
2350,,2014-11-07,91.225
2325,,2014-11-08,89.86200000000001
2298,,2014-11-09,88.05799999999999
2246,,2014-11-11,83.931
2220,,2014-11-12,89.561
2244,,2014-11-13,83.895
2243,,2014-11-14,83.70299999999999
2242,,2014-11-16,84.976
2241,,2014-11-17,84.785
2240,,2014-11-18,85.111
2239,,2014-11-19,85.348
2238,,2014-11-20,84.889
2237,,2014-11-21,85.21700000000001
2236,,2014-11-23,85.85
2235,,2014-11-24,85.869
2234,,2014-11-25,85.855
2233,,2014-11-26,85.73200000000001
2232,,2014-11-27,85.126
2231,,2014-11-28,84.40700000000001
2230,,2014-11-30,82.839
2475,,2014-12-02,90.85600000000001
2453,,2014-12-03,97.273
2402,,2014-12-05,85.712
2375,,2014-12-06,85.73899999999999
2324,,2014-12-08,90.402
2297,,2014-12-09,87.74600000000001
2272,,2014-12-10,89.962
2245,,2014-12-11,84.29799999999999
2219,,2014-12-12,89.911
2218,,2014-12-14,90.575
2217,,2014-12-15,90.523
2216,,2014-12-16,90.795
2215,,2014-12-17,90.99700000000001
2214,,2014-12-18,89.461
2213,,2014-12-19,89.42200000000001
2212,,2014-12-21,88.84899999999999
2211,,2014-12-22,88.959
2210,,2014-12-23,87.37200000000001
2209,,2014-12-24,87.948
2208,,2014-12-25,87.779
2207,,2014-12-26,87.762
2206,,2014-12-28,89.146
2205,,2014-12-29,89.069
2204,,2014-12-30,88.095
2203,,2014-12-31,89.74700000000001
2202,,2015-01-01,88.85799999999999
2176,,2015-01-02,100.73
2152,,2015-01-03,97.851
2125,,2015-01-04,98.91
2100,,2015-01-05,101.896
2074,,2015-01-06,101.944
2048,,2015-01-07,101.155
1995,,2015-01-09,106.42200000000001
1969,,2015-01-10,108.477
1944,,2015-01-11,104.454
1918,,2015-01-12,99.64299999999999
2192,,2015-01-13,90.471
2191,,2015-01-14,90.537
2190,,2015-01-15,90.34299999999999
2189,,2015-01-16,93.661
2188,,2015-01-18,95.585
2187,,2015-01-19,95.928
2186,,2015-01-20,95.723
2185,,2015-01-21,97.537
2184,,2015-01-22,97.59
2183,,2015-01-23,97.338
2182,,2015-01-25,98.314
2181,,2015-01-26,98.57700000000001
2180,,2015-01-27,96.99700000000001
2179,,2015-01-28,98.35
2178,,2015-01-29,98.663
2177,,2015-01-30,97.98200000000001
2201,,2015-02-01,89.038
2175,,2015-02-02,100.62899999999999
2151,,2015-02-03,97.87200000000001
2124,,2015-02-04,100.602
2073,,2015-02-06,102.574
2047,,2015-02-07,101.13799999999999
2021,,2015-02-08,97.463
1994,,2015-02-09,107.43299999999999
1968,,2015-02-10,108.406
1943,,2015-02-11,104.435
1917,,2015-02-12,99.416
2165,,2015-02-13,97.116
2164,,2015-02-15,97.051
2163,,2015-02-16,97.102
2162,,2015-02-17,97.259
2161,,2015-02-18,95.398
2160,,2015-02-19,95.352
2159,,2015-02-20,95.436
2158,,2015-02-22,95.104
2157,,2015-02-23,94.986
2156,,2015-02-24,95.715
2155,,2015-02-25,95.47200000000001
2154,,2015-02-26,96.43700000000001
2153,,2015-02-27,97.506
2174,,2015-03-02,99.664
2150,,2015-03-03,97.874
2099,,2015-03-05,102.584
2072,,2015-03-06,102.595
2046,,2015-03-07,100.693
2020,,2015-03-08,97.316
1993,,2015-03-09,107.211
1942,,2015-03-11,102.91799999999999
1916,,2015-03-12,97.905
2141,,2015-03-13,96.027
2140,,2015-03-15,98.321
2139,,2015-03-16,98.119
2138,,2015-03-17,97.57600000000001
2137,,2015-03-18,96.635
2136,,2015-03-19,96.935
2135,,2015-03-20,98.12299999999999
2134,,2015-03-22,97.874
2133,,2015-03-23,98.405
2132,,2015-03-24,97.244
2131,,2015-03-25,97.98899999999999
2130,,2015-03-26,99.40100000000001
2129,,2015-03-27,100.79
2128,,2015-03-29,100.654
2127,,2015-03-30,100.59299999999999
2126,,2015-03-31,99.38600000000001
2200,,2015-04-01,89.461
2173,,2015-04-02,97.458
2149,,2015-04-03,98.193
2098,,2015-04-05,102.794
2071,,2015-04-06,102.391
2019,,2015-04-08,96.887
1992,,2015-04-09,107.589
1967,,2015-04-10,109.527
1941,,2015-04-11,101.889
1915,,2015-04-12,98.596
2116,,2015-04-13,102.07700000000001
2115,,2015-04-14,102.911
2114,,2015-04-15,103.164
2113,,2015-04-16,104.51799999999999
2112,,2015-04-17,103.406
2111,,2015-04-19,103.735
2110,,2015-04-20,104.008
2109,,2015-04-21,103.71799999999999
2108,,2015-04-22,103.771
2107,,2015-04-23,103.771
2106,,2015-04-24,103.771
2105,,2015-04-26,103.052
2104,,2015-04-27,103.221
2103,,2015-04-28,103.345
2102,,2015-04-29,103.59299999999999
2101,,2015-04-30,103.041
2199,,2015-05-01,89.241
2172,,2015-05-02,100.662
2148,,2015-05-03,99.141
2123,,2015-05-04,100.40299999999999
2097,,2015-05-05,103.728
2070,,2015-05-06,101.118
2045,,2015-05-07,102.462
2018,,2015-05-08,97.084
1966,,2015-05-10,109.59700000000001
1940,,2015-05-11,102.205
2090,,2015-05-13,102.042
2089,,2015-05-14,102.667
2088,,2015-05-15,101.785
2087,,2015-05-17,101.41799999999999
2086,,2015-05-18,101.426
2085,,2015-05-19,101.66799999999999
2084,,2015-05-20,100.944
2083,,2015-05-21,100.36
2082,,2015-05-22,100.512
2081,,2015-05-24,100.696
2080,,2015-05-25,100.706
2079,,2015-05-26,101.521
2078,,2015-05-27,100.851
2077,,2015-05-28,100.89
2076,,2015-05-29,101.55799999999999
2075,,2015-05-31,101.946
2198,,2015-06-01,90.204
2171,,2015-06-02,99.18
2147,,2015-06-03,100.624
2122,,2015-06-04,100.51299999999999
2096,,2015-06-05,104.03200000000001
2044,,2015-06-07,102.46799999999999
2017,,2015-06-08,97.21799999999999
1991,,2015-06-09,109.141
1965,,2015-06-10,108.931
1939,,2015-06-11,101.74700000000001
1914,,2015-06-12,100.82600000000001
2063,,2015-06-14,103.16
2062,,2015-06-15,103.458
2061,,2015-06-16,104.338
2060,,2015-06-17,103.914
2059,,2015-06-18,103.354
2058,,2015-06-19,104.821
2057,,2015-06-21,103.913
2056,,2015-06-22,103.89399999999999
2055,,2015-06-23,101.70100000000001
2054,,2015-06-24,101.47399999999999
2053,,2015-06-25,101.229
2052,,2015-06-26,100.264
2051,,2015-06-28,103.208
2050,,2015-06-29,102.961
2049,,2015-06-30,102.59200000000001
2197,,2015-07-01,90.958
2121,,2015-07-04,100.449
2095,,2015-07-05,103.12299999999999
2069,,2015-07-06,103.613
2043,,2015-07-07,100.803
2016,,2015-07-08,97.24799999999999
1990,,2015-07-09,109.51299999999999
1964,,2015-07-10,109.045
1913,,2015-07-12,100.738
2038,,2015-07-13,99.848
2037,,2015-07-14,98.461
2036,,2015-07-15,97.863
2035,,2015-07-16,97.73299999999999
2034,,2015-07-17,97.82
2033,,2015-07-19,96.804
2032,,2015-07-20,96.755
2031,,2015-07-21,95.25399999999999
2030,,2015-07-22,94.896
2029,,2015-07-23,95.29799999999999
2028,,2015-07-24,95.935
2027,,2015-07-26,96.749
2026,,2015-07-27,96.928
2025,,2015-07-28,97.395
2024,,2015-07-29,97.226
2023,,2015-07-30,97.63600000000001
2022,,2015-07-31,97.552
2196,,2015-08-01,90.397
2170,,2015-08-02,98.384
2146,,2015-08-03,98.31700000000001
2120,,2015-08-04,101.126
2094,,2015-08-05,102.415
2068,,2015-08-06,103.775
2042,,2015-08-07,99.756
1989,,2015-08-09,109.255
1963,,2015-08-10,108.258
1938,,2015-08-11,102.384
1912,,2015-08-12,100.303
2011,,2015-08-13,100.397
2010,,2015-08-14,101.193
2009,,2015-08-16,101.52600000000001
2008,,2015-08-17,101.571
2007,,2015-08-18,103.016
2006,,2015-08-19,104.012
2005,,2015-08-20,106.709
2004,,2015-08-21,108.426
2003,,2015-08-23,109.15299999999999
2002,,2015-08-24,110.495
2001,,2015-08-25,109.384
2000,,2015-08-26,108.469
1999,,2015-08-27,105.87899999999999
1998,,2015-08-28,105.47
1997,,2015-08-30,106.36
1996,,2015-08-31,106.29299999999999
2195,,2015-09-01,89.32
2169,,2015-09-02,98.425
2145,,2015-09-03,98.721
2119,,2015-09-04,100.382
2067,,2015-09-06,103.825
2041,,2015-09-07,99.899
2015,,2015-09-08,97.726
1988,,2015-09-09,108.72200000000001
1962,,2015-09-10,106.132
1937,,2015-09-11,102.456
1911,,2015-09-12,100.71
1985,,2015-09-13,108.736
1984,,2015-09-14,108.06299999999999
1983,,2015-09-15,109.079
1982,,2015-09-16,107.71799999999999
1981,,2015-09-17,108.00200000000001
1980,,2015-09-18,109.39
1979,,2015-09-20,110.255
1978,,2015-09-21,109.954
1977,,2015-09-22,109.39399999999999
1976,,2015-09-23,109.45200000000001
1975,,2015-09-24,110.662
1974,,2015-09-25,112.715
1973,,2015-09-27,111.822
1972,,2015-09-28,112.42
1971,,2015-09-29,111.296
1970,,2015-09-30,110.015
2168,,2015-10-02,98.625
2144,,2015-10-03,97.666
2118,,2015-10-04,100.641
2093,,2015-10-05,102.927
2066,,2015-10-06,104.186
2040,,2015-10-07,99.63600000000001
2014,,2015-10-08,97.647
1987,,2015-10-09,108.557
1936,,2015-10-11,102.62799999999999
1910,,2015-10-12,100.43700000000001
1959,,2015-10-13,109.41
1958,,2015-10-14,111.191
1957,,2015-10-15,110.993
1956,,2015-10-16,109.554
1955,,2015-10-18,109.54299999999999
1954,,2015-10-19,109.666
1953,,2015-10-20,109.21799999999999
1952,,2015-10-21,109.80799999999999
1951,,2015-10-22,108.552
1950,,2015-10-23,107.686
1949,,2015-10-26,108.667
1948,,2015-10-27,108.166
1947,,2015-10-28,108.959
1946,,2015-10-29,108.822
1945,,2015-10-30,108.34700000000001
2194,,2015-11-01,90.287
2167,,2015-11-02,99.009
2143,,2015-11-03,98.67
2092,,2015-11-05,102.971
2065,,2015-11-06,104.291
2013,,2015-11-08,98.417
1986,,2015-11-09,107.93
1961,,2015-11-10,109.851
1935,,2015-11-11,102.169
1909,,2015-11-12,100.82700000000001
1933,,2015-11-13,99.854
1932,,2015-11-15,100.51899999999999
1931,,2015-11-16,100.79700000000001
1930,,2015-11-17,100.444
1929,,2015-11-18,98.66799999999999
1928,,2015-11-19,98.6
1927,,2015-11-20,98.929
1926,,2015-11-22,98.025
1925,,2015-11-23,97.95200000000001
1924,,2015-11-24,98.09899999999999
1923,,2015-11-25,99.443
1922,,2015-11-26,99.406
1921,,2015-11-27,100.95200000000001
1920,,2015-11-29,99.461
1919,,2015-11-30,99.51299999999999
2193,,2015-12-01,90.42399999999999
2166,,2015-12-02,98.086
2142,,2015-12-03,97.096
2117,,2015-12-04,102.06200000000001
2091,,2015-12-05,102.512
2064,,2015-12-06,102.719
2039,,2015-12-07,99.98899999999999
2012,,2015-12-08,99.083
1960,,2015-12-10,109.054
1934,,2015-12-11,100.421
1908,,2015-12-13,102.28200000000001
1907,,2015-12-14,102.382
1906,,2015-12-15,101.90100000000001
1905,,2015-12-16,101.15
1904,,2015-12-17,101.01700000000001
1903,,2015-12-18,99.11200000000001
1902,,2015-12-20,99.79
1901,,2015-12-21,99.734
1900,,2015-12-22,100.896
1899,,2015-12-23,101.182
1898,,2015-12-24,100.641
1897,,2015-12-27,100.87
1896,,2015-12-28,100.876
1895,,2015-12-29,99.814
1894,,2015-12-30,99.939
1893,,2015-12-31,99.78
1867,,2016-01-02,106.215
1842,,2016-01-03,118.20100000000001
1816,,2016-01-04,111.568
1791,,2016-01-05,116.34899999999999
1764,,2016-01-06,115.36200000000001
1738,,2016-01-07,122.505
1712,,2016-01-08,129.555
1685,,2016-01-09,124.54700000000001
1633,,2016-01-11,127.06700000000001
1607,,2016-01-12,129.556
1883,,2016-01-13,105.995
1882,,2016-01-14,106.631
1881,,2016-01-15,104.781
1880,,2016-01-17,106.999
1879,,2016-01-18,106.89200000000001
1878,,2016-01-19,106.287
1877,,2016-01-20,106.274
1876,,2016-01-21,107.494
1875,,2016-01-22,106.82
1874,,2016-01-24,105.965
1873,,2016-01-25,106.095
1872,,2016-01-26,107.71799999999999
1871,,2016-01-27,108.292
1870,,2016-01-28,108.57
1869,,2016-01-29,106.45200000000001
1868,,2016-01-31,106.124
1866,,2016-02-02,106.928
1841,,2016-02-03,116.354
1790,,2016-02-05,116.35600000000001
1763,,2016-02-06,114.82
1711,,2016-02-08,130.059
1684,,2016-02-09,125.196
1659,,2016-02-10,127.14299999999999
1632,,2016-02-11,128.96200000000002
1606,,2016-02-12,132.077
1856,,2016-02-14,116.39299999999999
1855,,2016-02-15,116.463
1854,,2016-02-16,114.565
1853,,2016-02-17,115.195
1852,,2016-02-18,114.74
1851,,2016-02-19,117.469
1850,,2016-02-21,116.404
1849,,2016-02-22,116.34200000000001
1848,,2016-02-23,114.179
1847,,2016-02-24,116.413
1846,,2016-02-25,115.596
1845,,2016-02-26,116.175
1844,,2016-02-28,117.102
1843,,2016-02-29,117.421
1892,,2016-03-01,99.98
1865,,2016-03-02,107.095
1840,,2016-03-03,116.734
1815,,2016-03-04,110.896
1789,,2016-03-05,116.323
1762,,2016-03-06,114.542
1737,,2016-03-07,124.905
1710,,2016-03-08,131.205
1658,,2016-03-10,126.98899999999999
1631,,2016-03-11,129.97799999999998
1832,,2016-03-13,115.757
1831,,2016-03-14,115.734
1830,,2016-03-15,114.126
1829,,2016-03-16,114.885
1828,,2016-03-17,116.20200000000001
1827,,2016-03-18,115.176
1826,,2016-03-20,115.64
1825,,2016-03-21,115.695
1824,,2016-03-22,114.516
1823,,2016-03-23,115.103
1822,,2016-03-24,113.068
1821,,2016-03-27,112.271
1820,,2016-03-28,112.262
1819,,2016-03-29,112.785
1818,,2016-03-30,113.21
1817,,2016-03-31,111.844
1891,,2016-04-01,99.833
1864,,2016-04-02,107.051
1839,,2016-04-03,117.93299999999999
1814,,2016-04-04,110.84200000000001
1788,,2016-04-05,117.759
1736,,2016-04-07,125.304
1709,,2016-04-08,131.415
1683,,2016-04-09,125.713
1657,,2016-04-10,127.4
1630,,2016-04-11,130.46200000000002
1605,,2016-04-12,134.56
1806,,2016-04-13,114.34100000000001
1805,,2016-04-14,113.541
1804,,2016-04-15,112.698
1803,,2016-04-17,113.514
1802,,2016-04-18,113.569
1801,,2016-04-19,112.271
1800,,2016-04-20,113.76899999999999
1799,,2016-04-21,112.626
1798,,2016-04-22,113.756
1797,,2016-04-24,112.896
1796,,2016-04-25,112.92200000000001
1795,,2016-04-26,113.229
1794,,2016-04-27,112.777
1793,,2016-04-28,112.94200000000001
1792,,2016-04-29,114.48200000000001
1890,,2016-05-01,102.321
1863,,2016-05-02,108.262
1813,,2016-05-04,109.884
1787,,2016-05-05,121.90799999999999
1761,,2016-05-06,116.419
1735,,2016-05-07,126.125
1708,,2016-05-08,131.72799999999998
1682,,2016-05-09,125.52600000000001
1656,,2016-05-10,124.79799999999999
1604,,2016-05-12,134.543
1780,,2016-05-13,120.67200000000001
1779,,2016-05-15,121.68700000000001
1778,,2016-05-16,121.76799999999999
1777,,2016-05-17,121.971
1776,,2016-05-18,122.10600000000001
1775,,2016-05-19,121.115
1774,,2016-05-20,120.76700000000001
1773,,2016-05-22,119.755
1772,,2016-05-23,119.85700000000001
1771,,2016-05-24,120.339
1770,,2016-05-25,116.176
1769,,2016-05-26,115.75
1768,,2016-05-27,115.439
1767,,2016-05-29,115.29899999999999
1766,,2016-05-30,114.991
1765,,2016-05-31,114.971
1889,,2016-06-01,103.50399999999999
1838,,2016-06-03,117.917
1812,,2016-06-04,112.07600000000001
1786,,2016-06-05,120.28200000000001
1760,,2016-06-06,116.727
1734,,2016-06-07,128.269
1681,,2016-06-09,125.745
1655,,2016-06-10,124.59700000000001
1629,,2016-06-11,131.05
1603,,2016-06-12,132.585
1754,,2016-06-13,120.406
1753,,2016-06-14,120.531
1752,,2016-06-15,121.249
1751,,2016-06-16,121.57799999999999
1750,,2016-06-17,120.756
1749,,2016-06-19,120.77
1748,,2016-06-20,120.76700000000001
1747,,2016-06-21,120.225
1746,,2016-06-22,118.84299999999999
1745,,2016-06-23,117.32799999999999
1744,,2016-06-24,116.919
1743,,2016-06-26,125.309
1742,,2016-06-27,126.094
1741,,2016-06-28,125.101
1740,,2016-06-29,122.816
1739,,2016-06-30,122.325
1888,,2016-07-01,105.524
1862,,2016-07-02,109.904
1837,,2016-07-03,118.079
1811,,2016-07-04,111.885
1759,,2016-07-06,116.34700000000001
1733,,2016-07-07,129.10299999999998
1707,,2016-07-08,128.645
1680,,2016-07-09,126.81200000000001
1654,,2016-07-10,122.839
1628,,2016-07-11,130.68
1602,,2016-07-12,129.56
1728,,2016-07-13,123.883
1727,,2016-07-14,125.50399999999999
1726,,2016-07-15,123.85700000000001
1725,,2016-07-17,126.852
1724,,2016-07-18,127.156
1723,,2016-07-19,127.382
1722,,2016-07-20,130.513
1721,,2016-07-21,130.351
1720,,2016-07-22,131.399
1719,,2016-07-24,130.566
1718,,2016-07-25,130.125
1717,,2016-07-26,128.51
1716,,2016-07-27,128.99
1715,,2016-07-28,129.904
1714,,2016-07-29,129.471
1713,,2016-07-31,129.72299999999998
1887,,2016-08-01,107.05
1861,,2016-08-02,109.31200000000001
1836,,2016-08-03,118.927
1810,,2016-08-04,114.07700000000001
1785,,2016-08-05,120.916
1758,,2016-08-06,115.875
1732,,2016-08-07,128.517
1706,,2016-08-08,128.485
1679,,2016-08-09,126.88600000000001
1627,,2016-08-11,130.666
1601,,2016-08-12,128.061
1701,,2016-08-14,127.124
1700,,2016-08-15,127.413
1699,,2016-08-16,126.889
1698,,2016-08-17,126.93799999999999
1697,,2016-08-18,126.936
1696,,2016-08-19,127.111
1695,,2016-08-21,126.042
1694,,2016-08-22,126.178
1693,,2016-08-23,126.51799999999999
1692,,2016-08-24,126.884
1691,,2016-08-25,125.829
1690,,2016-08-26,124.762
1689,,2016-08-28,125.446
1688,,2016-08-29,125.48200000000001
1687,,2016-08-30,125.661
1686,,2016-08-31,125.054
1860,,2016-09-02,112.848
1835,,2016-09-03,118.322
1784,,2016-09-05,120.955
1757,,2016-09-06,117.60600000000001
1705,,2016-09-08,128.072
1678,,2016-09-09,127.031
1653,,2016-09-10,123.228
1626,,2016-09-11,129.523
1600,,2016-09-12,129.947
1675,,2016-09-13,127.059
1674,,2016-09-14,126.736
1673,,2016-09-15,126.764
1672,,2016-09-16,125.666
1671,,2016-09-18,125.646
1670,,2016-09-19,125.575
1669,,2016-09-20,125.73899999999999
1668,,2016-09-21,125.98100000000001
1667,,2016-09-22,126.70100000000001
1666,,2016-09-23,126.51700000000001
1665,,2016-09-25,128.614
1664,,2016-09-26,128.621
1663,,2016-09-27,128.204
1662,,2016-09-28,126.87700000000001
1661,,2016-09-29,126.774
1660,,2016-09-30,127.45700000000001
1886,,2016-10-01,108.206
1859,,2016-10-02,112.43799999999999
1834,,2016-10-03,116.645
1809,,2016-10-04,114.07600000000001
1783,,2016-10-05,119.508
1756,,2016-10-06,117.851
1731,,2016-10-07,127.244
1704,,2016-10-08,128.099
1652,,2016-10-10,123.573
1625,,2016-10-11,131.731
1649,,2016-10-13,124.431
1648,,2016-10-14,124.68
1647,,2016-10-16,124.23899999999999
1646,,2016-10-17,124.63
1645,,2016-10-18,125.02600000000001
1644,,2016-10-19,125.765
1643,,2016-10-20,124.963
1642,,2016-10-21,124.486
1641,,2016-10-23,125.67299999999999
1640,,2016-10-24,125.471
1639,,2016-10-25,125.22200000000001
1638,,2016-10-26,125.852
1637,,2016-10-27,125.50200000000001
1636,,2016-10-28,127.042
1635,,2016-10-30,128.002
1634,,2016-10-31,127.87700000000001
1885,,2016-11-01,108.074
1858,,2016-11-02,112.553
1833,,2016-11-03,118.21600000000001
1808,,2016-11-04,114.09100000000001
1782,,2016-11-05,119.973
1730,,2016-11-07,127.507
1703,,2016-11-08,128.13299999999998
1677,,2016-11-09,126.91799999999999
1651,,2016-11-10,124.274
1624,,2016-11-11,131.732
1599,,2016-11-12,130.058
1623,,2016-11-13,128.287
1622,,2016-11-14,128.269
1621,,2016-11-15,129.476
1620,,2016-11-16,129.74
1619,,2016-11-17,130.957
1618,,2016-11-18,131.862
1617,,2016-11-20,131.067
1616,,2016-11-21,131.099
1615,,2016-11-22,131.296
1614,,2016-11-23,131.938
1613,,2016-11-24,129.942
1612,,2016-11-25,132.129
1611,,2016-11-27,131.39700000000002
1610,,2016-11-28,131.71200000000002
1609,,2016-11-29,131.053
1608,,2016-11-30,130.364
1884,,2016-12-01,107.052
1857,,2016-12-02,116.978
1807,,2016-12-04,114.41799999999999
1781,,2016-12-05,121.331
1755,,2016-12-06,120.181
1729,,2016-12-07,126.493
1702,,2016-12-08,127.463
1676,,2016-12-09,126.931
1650,,2016-12-10,124.351
1598,,2016-12-12,130.81
1597,,2016-12-13,129.89
1596,,2016-12-14,130.028
1595,,2016-12-15,129.974
1594,,2016-12-16,127.279
1593,,2016-12-18,127.695
1592,,2016-12-19,127.79299999999999
1591,,2016-12-20,129.373
1590,,2016-12-21,128.22799999999998
1589,,2016-12-22,127.647
1588,,2016-12-23,127.404
1587,,2016-12-26,128.129
1586,,2016-12-27,127.988
1585,,2016-12-28,129.049
1584,,2016-12-29,129.959
1583,,2016-12-30,131.245
1556,,2017-01-02,147.012
1532,,2017-01-03,145.993
1481,,2017-01-05,145.139
1454,,2017-01-06,143.975
1402,,2017-01-08,143.843
1375,,2017-01-09,146.683
1351,,2017-01-10,146.761
1324,,2017-01-11,154.65200000000002
1298,,2017-01-12,160.608
1572,,2017-01-13,144.763
1571,,2017-01-15,143.983
1570,,2017-01-16,144.688
1569,,2017-01-17,147.436
1568,,2017-01-18,146.995
1567,,2017-01-19,147.264
1566,,2017-01-20,148.197
1565,,2017-01-22,146.83
1564,,2017-01-23,147.392
1563,,2017-01-24,147.005
1562,,2017-01-25,147.125
1561,,2017-01-26,148.005
1560,,2017-01-27,147.526
1559,,2017-01-29,148.817
1558,,2017-01-30,148.559
1557,,2017-01-31,145.384
1582,,2017-02-01,131.358
1555,,2017-02-02,146.764
1531,,2017-02-03,146.439
1505,,2017-02-04,145.817
1480,,2017-02-05,143.611
1453,,2017-02-06,143.57299999999998
1428,,2017-02-07,140.645
1401,,2017-02-08,143.87
1350,,2017-02-10,146.519
1323,,2017-02-11,156.537
1546,,2017-02-13,146.10299999999998
1545,,2017-02-14,144.795
1544,,2017-02-15,144.295
1543,,2017-02-16,145.02200000000002
1542,,2017-02-17,146.012
1541,,2017-02-19,144.548
1540,,2017-02-20,144.339
1539,,2017-02-21,144.189
1538,,2017-02-22,144.015
1537,,2017-02-23,142.517
1536,,2017-02-24,143.379
1535,,2017-02-26,145.61700000000002
1534,,2017-02-27,145.407
1533,,2017-02-28,145.398
1581,,2017-03-01,131.046
1554,,2017-03-02,146.041
1530,,2017-03-03,148.09
1504,,2017-03-04,145.85299999999998
1479,,2017-03-05,142.38299999999998
1427,,2017-03-07,140.537
1400,,2017-03-08,144.30200000000002
1374,,2017-03-09,147.363
1349,,2017-03-10,145.908
1322,,2017-03-11,156.112
1297,,2017-03-12,160.796
1522,,2017-03-13,145.078
1521,,2017-03-14,144.67600000000002
1520,,2017-03-15,144.411
1519,,2017-03-16,144.222
1518,,2017-03-17,143.095
1517,,2017-03-19,143.491
1516,,2017-03-20,143.716
1515,,2017-03-21,143.884
1514,,2017-03-22,145.572
1513,,2017-03-23,144.868
1512,,2017-03-24,145.543
1511,,2017-03-26,144.681
1510,,2017-03-27,145.09
1509,,2017-03-28,145.685
1508,,2017-03-29,147.05200000000002
1507,,2017-03-30,146.796
1506,,2017-03-31,146.167
1580,,2017-04-01,133.667
1503,,2017-04-04,147.175
1478,,2017-04-05,140.759
1452,,2017-04-06,144.262
1426,,2017-04-07,139.86700000000002
1399,,2017-04-08,144.50799999999998
1373,,2017-04-09,147.41299999999998
1348,,2017-04-10,146.232
1296,,2017-04-12,160.839
1495,,2017-04-13,151.013
1494,,2017-04-16,151.016
1493,,2017-04-17,151.375
1492,,2017-04-18,152.748
1491,,2017-04-19,151.615
1490,,2017-04-20,151.154
1489,,2017-04-21,150.006
1488,,2017-04-23,147.678
1487,,2017-04-24,148.042
1486,,2017-04-25,146.929
1485,,2017-04-26,145.501
1484,,2017-04-27,145.599
1483,,2017-04-28,144.857
1482,,2017-04-30,144.952
1579,,2017-05-01,133.87
1553,,2017-05-02,145.453
1529,,2017-05-03,147.247
1502,,2017-05-04,148.49200000000002
1477,,2017-05-05,141.512
1451,,2017-05-06,144.312
1425,,2017-05-07,140.344
1372,,2017-05-09,147.069
1347,,2017-05-10,146.41299999999998
1321,,2017-05-11,158.76
1295,,2017-05-12,159.099
1470,,2017-05-14,141.325
1469,,2017-05-15,141.291
1468,,2017-05-16,140.468
1467,,2017-05-17,141.636
1466,,2017-05-18,145.329
1465,,2017-05-19,145.49
1464,,2017-05-21,145.056
1463,,2017-05-22,144.749
1462,,2017-05-23,144.825
1461,,2017-05-24,143.846
1460,,2017-05-25,143.934
1459,,2017-05-26,144.005
1458,,2017-05-28,145.735
1457,,2017-05-29,145.921
1456,,2017-05-30,145.82299999999998
1455,,2017-05-31,144.235
1578,,2017-06-01,136.454
1552,,2017-06-02,145.468
1528,,2017-06-03,147.674
1501,,2017-06-04,149.959
1450,,2017-06-06,145.097
1424,,2017-06-07,142.32
1398,,2017-06-08,143.037
1371,,2017-06-09,148.332
1346,,2017-06-10,146.394
1320,,2017-06-11,158.624
1294,,2017-06-12,156.415
1444,,2017-06-13,143.064
1443,,2017-06-14,143.392
1442,,2017-06-15,141.72
1441,,2017-06-16,141.76
1440,,2017-06-18,141.114
1439,,2017-06-19,141.252
1438,,2017-06-20,140.91
1437,,2017-06-21,141.908
1436,,2017-06-22,141.803
1435,,2017-06-23,141.38299999999998
1434,,2017-06-25,141.767
1433,,2017-06-26,141.769
1432,,2017-06-27,139.957
1431,,2017-06-28,141.577
1430,,2017-06-29,141.16299999999998
1429,,2017-06-30,141.273
1551,,2017-07-02,146.279
1527,,2017-07-03,146.466
1500,,2017-07-04,149.24200000000002
1476,,2017-07-05,139.608
1449,,2017-07-06,146.19
1423,,2017-07-07,142.425
1397,,2017-07-08,142.812
1370,,2017-07-09,146.995
1319,,2017-07-11,157.595
1293,,2017-07-12,156.51
1418,,2017-07-13,139.963
1417,,2017-07-14,139.64600000000002
1416,,2017-07-16,139.578
1415,,2017-07-17,139.83700000000002
1414,,2017-07-18,139.947
1413,,2017-07-19,140.861
1412,,2017-07-20,140.619
1411,,2017-07-21,141.116
1410,,2017-07-23,142.686
1409,,2017-07-24,142.68
1408,,2017-07-25,143.339
1407,,2017-07-26,143.218
1406,,2017-07-27,143.219
1405,,2017-07-28,143.314
1404,,2017-07-30,144.47799999999998
1403,,2017-07-31,144.30700000000002
1577,,2017-08-01,137.42700000000002
1550,,2017-08-02,148.278
1526,,2017-08-03,143.899
1475,,2017-08-05,140.588
1448,,2017-08-06,146.68
1396,,2017-08-08,142.74
1369,,2017-08-09,147.708
1345,,2017-08-10,151.069
1318,,2017-08-11,159.596
1292,,2017-08-12,154.955
1392,,2017-08-13,146.586
1391,,2017-08-14,146.53
1390,,2017-08-15,145.035
1389,,2017-08-16,144.761
1388,,2017-08-17,145.092
1387,,2017-08-18,146.216
1386,,2017-08-20,145.099
1385,,2017-08-21,145.17
1384,,2017-08-22,145.24200000000002
1383,,2017-08-23,144.286
1382,,2017-08-24,144.519
1381,,2017-08-25,144.196
1380,,2017-08-27,143.053
1379,,2017-08-28,143.159
1378,,2017-08-29,146.47799999999998
1377,,2017-08-30,145.156
1376,,2017-08-31,145.261
1576,,2017-09-01,137.526
1549,,2017-09-02,147.958
1525,,2017-09-03,145.553
1499,,2017-09-04,150.476
1474,,2017-09-05,141.556
1447,,2017-09-06,145.35299999999998
1422,,2017-09-07,141.27100000000002
1395,,2017-09-08,143.273
1344,,2017-09-10,152.463
1317,,2017-09-11,159.335
1365,,2017-09-13,146.965
1364,,2017-09-14,147.114
1363,,2017-09-15,147.282
1362,,2017-09-18,145.903
1361,,2017-09-19,146.84
1360,,2017-09-20,147.03
1359,,2017-09-21,146.41299999999998
1358,,2017-09-22,145.66
1357,,2017-09-24,146.127
1356,,2017-09-25,145.439
1355,,2017-09-26,149.118
1354,,2017-09-27,147.351
1353,,2017-09-28,147.719
1352,,2017-09-29,147.3
1575,,2017-10-01,141.19899999999998
1548,,2017-10-02,145.28799999999998
1524,,2017-10-03,145.588
1498,,2017-10-04,150.46
1473,,2017-10-05,142.555
1421,,2017-10-07,141.282
1394,,2017-10-08,145.168
1368,,2017-10-09,146.378
1343,,2017-10-10,152.93200000000002
1316,,2017-10-11,159.828
1291,,2017-10-12,153.99200000000002
1340,,2017-10-13,152.203
1339,,2017-10-15,152.66899999999998
1338,,2017-10-16,152.189
1337,,2017-10-17,151.82399999999998
1336,,2017-10-18,151.601
1335,,2017-10-19,151.283
1334,,2017-10-20,151.536
1333,,2017-10-22,151.70600000000002
1332,,2017-10-23,151.141
1331,,2017-10-24,153.139
1330,,2017-10-25,153.30200000000002
1329,,2017-10-26,154.61
1328,,2017-10-27,155.606
1327,,2017-10-29,154.784
1326,,2017-10-30,154.972
1325,,2017-10-31,155.19
1574,,2017-11-01,144.882
1497,,2017-11-04,150.609
1472,,2017-11-05,140.377
1446,,2017-11-06,143.983
1420,,2017-11-07,140.815
1393,,2017-11-08,146.565
1367,,2017-11-09,146.655
1342,,2017-11-10,153.74200000000002
1290,,2017-11-12,154.056
1314,,2017-11-13,158.391
1313,,2017-11-14,158.982
1312,,2017-11-15,160.185
1311,,2017-11-16,159.73
1310,,2017-11-17,158.942
1309,,2017-11-19,160.569
1308,,2017-11-20,160.924
1307,,2017-11-21,161.684
1306,,2017-11-22,163.241
1305,,2017-11-23,162.649
1304,,2017-11-24,162.847
1303,,2017-11-26,163.595
1302,,2017-11-27,163.611
1301,,2017-11-28,162.599
1300,,2017-11-29,165.00099999999998
1299,,2017-11-30,163.39600000000002
1573,,2017-12-01,148.681
1547,,2017-12-02,146.236
1523,,2017-12-03,145.284
1496,,2017-12-04,151.672
1471,,2017-12-05,140.916
1445,,2017-12-06,144.329
1419,,2017-12-07,141.596
1366,,2017-12-09,145.623
1341,,2017-12-10,151.467
1315,,2017-12-11,158.407
1289,,2017-12-12,153.174
1288,,2017-12-13,153.797
1287,,2017-12-14,153.783
1286,,2017-12-15,156.566
1285,,2017-12-17,156.06
1284,,2017-12-18,155.44799999999998
1283,,2017-12-19,155.347
1282,,2017-12-20,155.659
1281,,2017-12-21,155.715
1280,,2017-12-22,155.649
1279,,2017-12-25,155.928
1278,,2017-12-26,155.882
1277,,2017-12-27,156.989
1276,,2017-12-28,157.955
1275,,2017-12-29,157.18
1248,,2018-01-02,162.524
1224,,2018-01-03,161.058
1199,,2018-01-04,168.65400000000002
1173,,2018-01-05,171.632
1146,,2018-01-06,189.282
1121,,2018-01-07,185.269
1094,,2018-01-08,193.58
1042,,2018-01-10,231.43099999999998
1015,,2018-01-11,218.34400000000002
1264,,2018-01-14,161.459
1263,,2018-01-15,161.412
1262,,2018-01-16,163.979
1261,,2018-01-17,163.805
1260,,2018-01-18,163.094
1259,,2018-01-19,161.025
1258,,2018-01-21,164.28900000000002
1257,,2018-01-22,164.382
1256,,2018-01-23,161.906
1255,,2018-01-24,162.58
1254,,2018-01-25,163.55100000000002
1253,,2018-01-26,162.832
1252,,2018-01-28,162.851
1251,,2018-01-29,162.957
1250,,2018-01-30,163.311
1249,,2018-01-31,162.632
1274,,2018-02-01,159.252
1247,,2018-02-02,161.92
1223,,2018-02-03,161.293
1198,,2018-02-04,168.732
1172,,2018-02-05,172.485
1120,,2018-02-07,185.207
1093,,2018-02-08,195.149
1067,,2018-02-09,253.96200000000002
1041,,2018-02-10,227.067
1014,,2018-02-11,218.99599999999998
989,,2018-02-12,203.577
1238,,2018-02-13,161.546
1237,,2018-02-14,163.076
1236,,2018-02-15,164.567
1235,,2018-02-16,163.935
1234,,2018-02-18,162.376
1233,,2018-02-19,162.409
1232,,2018-02-20,162.619
1231,,2018-02-21,162.458
1230,,2018-02-22,161.805
1229,,2018-02-23,161.863
1228,,2018-02-25,161.795
1227,,2018-02-26,161.689
1226,,2018-02-27,162.167
1225,,2018-02-28,161.641
1273,,2018-03-01,159.877
1197,,2018-03-04,171.683
1171,,2018-03-05,175.67
1145,,2018-03-06,193.419
1119,,2018-03-07,184.206
1092,,2018-03-08,197.84599999999998
1066,,2018-03-09,253.822
1040,,2018-03-10,232.255
988,,2018-03-12,204.08
1214,,2018-03-13,163.77
1213,,2018-03-14,165.05
1212,,2018-03-15,165.37900000000002
1211,,2018-03-16,164.799
1210,,2018-03-18,165.38
1209,,2018-03-19,165.61900000000003
1208,,2018-03-20,167.03
1207,,2018-03-21,165.65099999999998
1206,,2018-03-22,167.437
1205,,2018-03-23,170.418
1204,,2018-03-25,172.204
1203,,2018-03-26,172.66299999999998
1202,,2018-03-27,172.514
1201,,2018-03-28,172.21
1200,,2018-03-29,171.18
1272,,2018-04-01,159.417
1246,,2018-04-02,161.643
1222,,2018-04-03,162.1
1196,,2018-04-04,171.09
1170,,2018-04-05,178.31099999999998
1144,,2018-04-06,193.138
1118,,2018-04-07,188.636
1065,,2018-04-09,256.235
1039,,2018-04-10,233.36599999999999
1013,,2018-04-11,215.33900000000003
987,,2018-04-12,207.98
1188,,2018-04-13,176.993
1187,,2018-04-15,177.334
1186,,2018-04-16,176.87
1185,,2018-04-17,177.56599999999997
1184,,2018-04-18,177.21400000000003
1183,,2018-04-19,174.521
1182,,2018-04-20,174.94
1181,,2018-04-22,175.207
1180,,2018-04-23,174.83900000000003
1179,,2018-04-24,174.986
1178,,2018-04-25,175.045
1177,,2018-04-26,173.584
1176,,2018-04-27,172.472
1175,,2018-04-29,172.40200000000002
1174,,2018-04-30,172.52200000000002
1271,,2018-05-01,159.314
1245,,2018-05-02,161.683
1221,,2018-05-03,162.149
1195,,2018-05-04,171.507
1143,,2018-05-06,190.412
1117,,2018-05-07,188.96900000000002
1091,,2018-05-08,198.90200000000002
1064,,2018-05-09,255.69799999999998
1038,,2018-05-10,238.424
1012,,2018-05-11,215.50400000000002
986,,2018-05-12,214.628
1163,,2018-05-13,183.218
1162,,2018-05-14,183.041
1161,,2018-05-15,183.975
1160,,2018-05-16,185.173
1159,,2018-05-17,184.003
1158,,2018-05-18,184.983
1157,,2018-05-20,186.825
1156,,2018-05-21,186.792
1155,,2018-05-22,190.646
1154,,2018-05-23,196.954
1153,,2018-05-24,190.55
1152,,2018-05-25,199.498
1151,,2018-05-27,196.40599999999998
1150,,2018-05-28,196.47799999999998
1149,,2018-05-29,191.292
1148,,2018-05-30,191.06900000000002
1147,,2018-05-31,187.16099999999997
1244,,2018-06-02,163.22799999999998
1220,,2018-06-03,161.836
1194,,2018-06-04,173.324
1169,,2018-06-05,179.299
1142,,2018-06-06,191.521
1116,,2018-06-07,186.317
1090,,2018-06-08,199.209
1063,,2018-06-09,253.11900000000003
1011,,2018-06-11,210.65099999999998
985,,2018-06-12,212.15200000000002
1136,,2018-06-13,191.107
1135,,2018-06-14,194.78599999999997
1134,,2018-06-15,198.521
1133,,2018-06-17,195.315
1132,,2018-06-18,195.287
1131,,2018-06-19,193.965
1130,,2018-06-20,194.36700000000002
1129,,2018-06-21,193.688
1128,,2018-06-22,193.118
1127,,2018-06-24,188.47400000000002
1126,,2018-06-25,188.481
1125,,2018-06-26,190.825
1124,,2018-06-27,186.675
1123,,2018-06-28,186.19799999999998
1122,,2018-06-29,184.365
1270,,2018-07-01,158.666
1243,,2018-07-02,160.592
1219,,2018-07-03,163.579
1168,,2018-07-05,179.345
1141,,2018-07-06,190.226
1089,,2018-07-08,204.49099999999999
1062,,2018-07-09,254.55700000000002
1037,,2018-07-10,238.68200000000002
1010,,2018-07-11,211.65599999999998
984,,2018-07-12,212.391
1110,,2018-07-13,195.019
1109,,2018-07-15,193.449
1108,,2018-07-16,193.80200000000002
1107,,2018-07-17,193.62599999999998
1106,,2018-07-18,189.50799999999998
1105,,2018-07-19,189.357
1104,,2018-07-20,189.187
1103,,2018-07-22,189.475
1102,,2018-07-23,189.477
1101,,2018-07-24,186.50400000000002
1100,,2018-07-25,192.26
1099,,2018-07-26,190.24099999999999
1098,,2018-07-27,191.709
1097,,2018-07-29,190.915
1096,,2018-07-30,190.908
1095,,2018-07-31,192.044
1269,,2018-08-01,158.433
1242,,2018-08-02,161.338
1218,,2018-08-03,162.143
1193,,2018-08-04,173.459
1167,,2018-08-05,180.46
1140,,2018-08-06,186.888
1115,,2018-08-07,184.722
1088,,2018-08-08,205.13299999999998
1036,,2018-08-10,238.56599999999997
1009,,2018-08-11,211.53799999999998
1084,,2018-08-13,263.04400000000004
1083,,2018-08-14,266.755
1082,,2018-08-15,244.77900000000002
1081,,2018-08-16,225.72
1080,,2018-08-17,220.953
1079,,2018-08-19,228.03599999999997
1078,,2018-08-20,228.64
1077,,2018-08-21,233.65900000000002
1076,,2018-08-22,233.324
1075,,2018-08-23,231.739
1074,,2018-08-24,232.077
1073,,2018-08-26,232.364
1072,,2018-08-27,232.511
1071,,2018-08-28,240.05599999999998
1070,,2018-08-29,242.24900000000002
1069,,2018-08-30,251.294
1068,,2018-08-31,259.827
1268,,2018-09-01,158.707
1241,,2018-09-02,162.541
1217,,2018-09-03,162.44799999999998
1192,,2018-09-04,173.45
1166,,2018-09-05,184.158
1114,,2018-09-07,184.988
1087,,2018-09-08,207.11599999999999
1061,,2018-09-09,246.28
1035,,2018-09-10,234.054
1008,,2018-09-11,214.80200000000002
983,,2018-09-12,213.42
1057,,2018-09-13,246.273
1056,,2018-09-14,236.862
1055,,2018-09-16,236.543
1054,,2018-09-17,236.426
1053,,2018-09-18,243.843
1052,,2018-09-19,246.888
1051,,2018-09-20,242.044
1050,,2018-09-21,241.563
1049,,2018-09-23,242.965
1048,,2018-09-24,242.953
1047,,2018-09-25,237.423
1046,,2018-09-26,239.208
1045,,2018-09-27,235.08700000000002
1044,,2018-09-28,228.63400000000001
1043,,2018-09-30,232.25400000000002
1267,,2018-10-01,158.85299999999998
1191,,2018-10-04,175.166
1165,,2018-10-05,180.93599999999998
1139,,2018-10-06,187.40400000000002
1113,,2018-10-07,190.843
1086,,2018-10-08,216.46900000000002
1060,,2018-10-09,247.06099999999998
1034,,2018-10-10,233.554
982,,2018-10-12,213.767
1031,,2018-10-14,230.484
1030,,2018-10-15,231.088
1029,,2018-10-16,227.97099999999998
1028,,2018-10-17,224.255
1027,,2018-10-18,219.92
1026,,2018-10-19,222.115
1025,,2018-10-21,222.922
1024,,2018-10-22,222.983
1023,,2018-10-23,222.707
1022,,2018-10-24,227.627
1021,,2018-10-25,226.608
1020,,2018-10-26,223.18400000000003
1019,,2018-10-28,222.02200000000002
1018,,2018-10-29,221.597
1017,,2018-10-30,219.861
1016,,2018-10-31,215.575
1266,,2018-11-01,160.963
1240,,2018-11-02,161.355
1216,,2018-11-03,162.34
1190,,2018-11-04,177.36700000000002
1164,,2018-11-05,180.02200000000002
1138,,2018-11-06,187.275
1112,,2018-11-07,190.41299999999998
1059,,2018-11-09,248.641
1033,,2018-11-10,233.412
1007,,2018-11-11,212.77900000000002
981,,2018-11-12,213.187
1005,,2018-11-13,211.55
1004,,2018-11-14,211.865
1003,,2018-11-15,212.729
1002,,2018-11-16,210.525
1001,,2018-11-18,210.247
1000,,2018-11-19,209.979
999,,2018-11-20,209.122
998,,2018-11-21,211.523
997,,2018-11-22,209.69099999999997
996,,2018-11-23,209.12900000000002
995,,2018-11-25,208.456
994,,2018-11-26,208.49099999999999
993,,2018-11-27,206.248
992,,2018-11-28,205.513
991,,2018-11-29,204.923
990,,2018-11-30,203.546
1265,,2018-12-01,160.511
1239,,2018-12-02,161.597
1215,,2018-12-03,162.205
1189,,2018-12-04,180.169
1137,,2018-12-06,188.703
1111,,2018-12-07,195.4
1085,,2018-12-08,264.582
1058,,2018-12-09,247.855
1032,,2018-12-10,232.502
1006,,2018-12-11,212.755
980,,2018-12-12,214.24
979,,2018-12-13,214.274
978,,2018-12-14,213.58599999999998
977,,2018-12-16,213.583
976,,2018-12-17,213.766
975,,2018-12-18,215.305
974,,2018-12-19,214.483
973,,2018-12-20,211.94799999999998
972,,2018-12-21,213.638
971,,2018-12-23,215.08700000000002
970,,2018-12-24,215.22
969,,2018-12-25,215.785
968,,2018-12-26,215.38299999999998
967,,2018-12-27,215.455
966,,2018-12-28,217.11700000000002
965,,2018-12-30,218.239
964,,2018-12-31,217.375
963,,2019-01-01,217.899
936,,2019-01-02,220.08599999999998
912,,2019-01-03,225.763
886,,2019-01-04,232.52599999999998
861,,2019-01-05,246.123
809,,2019-01-07,256.913
782,,2019-01-08,253.37900000000002
756,,2019-01-09,287.502
730,,2019-01-10,267.69
703,,2019-01-11,277.741
678,,2019-01-12,270.454
953,,2019-01-13,226.667
952,,2019-01-14,227.03099999999998
951,,2019-01-15,226.833
950,,2019-01-16,225.727
949,,2019-01-17,222.271
948,,2019-01-18,222.69299999999998
947,,2019-01-20,219.93400000000003
946,,2019-01-21,219.729
945,,2019-01-22,219.153
944,,2019-01-23,220.61900000000003
943,,2019-01-24,218.4
942,,2019-01-25,217.055
941,,2019-01-27,221.037
940,,2019-01-28,220.296
939,,2019-01-29,223.187
938,,2019-01-30,223.757
937,,2019-01-31,221.956
962,,2019-02-01,217.94400000000002
885,,2019-02-04,228.34
860,,2019-02-05,244.796
834,,2019-02-06,245.80700000000002
808,,2019-02-07,251.826
781,,2019-02-08,259.186
755,,2019-02-09,287.024
729,,2019-02-10,272.475
677,,2019-02-12,270.219
926,,2019-02-13,221.25599999999997
925,,2019-02-14,222.162
924,,2019-02-15,222.59
923,,2019-02-17,224.868
922,,2019-02-18,224.546
921,,2019-02-19,226.003
920,,2019-02-20,227.615
919,,2019-02-21,229.645
918,,2019-02-22,226.907
917,,2019-02-24,227.25799999999998
916,,2019-02-25,227.196
915,,2019-02-26,226.47799999999998
914,,2019-02-27,226.71400000000003
913,,2019-02-28,225.699
961,,2019-03-01,227.947
935,,2019-03-02,221.079
911,,2019-03-03,223.43900000000002
884,,2019-03-04,233.305
859,,2019-03-05,243.755
833,,2019-03-06,246.701
807,,2019-03-07,260.13
754,,2019-03-09,284.95799999999997
728,,2019-03-10,275.084
702,,2019-03-11,277.524
676,,2019-03-12,270.046
902,,2019-03-13,228.417
901,,2019-03-14,229.923
900,,2019-03-15,227.976
899,,2019-03-17,228.081
898,,2019-03-18,227.90400000000002
897,,2019-03-19,229.18599999999998
896,,2019-03-20,229.99099999999999
895,,2019-03-21,229.597
894,,2019-03-22,230.047
893,,2019-03-24,242.683
892,,2019-03-25,239.976
891,,2019-03-26,236.329
890,,2019-03-27,227.111
889,,2019-03-28,227.11700000000002
888,,2019-03-29,231.355
887,,2019-03-31,232.34599999999998
960,,2019-04-01,227.97299999999998
934,,2019-04-02,220.924
910,,2019-04-03,223.739
883,,2019-04-04,233.551
832,,2019-04-06,248.66299999999998
806,,2019-04-07,256.469
780,,2019-04-08,257.85900000000004
753,,2019-04-09,285.244
727,,2019-04-10,276.254
701,,2019-04-11,277.58299999999997
675,,2019-04-12,272.693
875,,2019-04-14,239.467
874,,2019-04-15,239.956
873,,2019-04-16,240.482
872,,2019-04-17,237.627
871,,2019-04-18,235.935
870,,2019-04-21,239.28900000000002
869,,2019-04-22,239.188
868,,2019-04-23,238.91099999999997
867,,2019-04-24,238.68
866,,2019-04-25,241.30900000000003
865,,2019-04-26,245.00599999999997
864,,2019-04-28,245.952
863,,2019-04-29,245.857
862,,2019-04-30,244.99900000000002
933,,2019-05-02,220.03599999999997
909,,2019-05-03,223.165
882,,2019-05-04,232.96599999999998
858,,2019-05-05,246.997
831,,2019-05-06,246.16400000000002
805,,2019-05-07,255.908
779,,2019-05-08,256.9
752,,2019-05-09,282.98900000000003
700,,2019-05-11,277.816
674,,2019-05-12,272.72900000000004
851,,2019-05-13,248.017
850,,2019-05-14,255.158
849,,2019-05-15,251.91299999999998
848,,2019-05-16,250.774
847,,2019-05-17,250.393
846,,2019-05-19,248.775
845,,2019-05-20,249.035
844,,2019-05-21,247.546
843,,2019-05-22,248.575
842,,2019-05-23,250.845
841,,2019-05-24,252.623
840,,2019-05-26,251.767
839,,2019-05-27,251.203
838,,2019-05-28,250.792
837,,2019-05-29,248.205
836,,2019-05-30,247.763
835,,2019-05-31,245.368
959,,2019-06-01,220.502
932,,2019-06-02,219.985
908,,2019-06-03,223.107
857,,2019-06-05,247.143
830,,2019-06-06,244.808
778,,2019-06-08,264.926
751,,2019-06-09,277.957
726,,2019-06-10,277.264
699,,2019-06-11,274.672
673,,2019-06-12,272.847
824,,2019-06-13,249.39
823,,2019-06-14,254.00099999999998
822,,2019-06-16,255.25099999999998
821,,2019-06-17,254.676
820,,2019-06-18,253.01
819,,2019-06-19,252.175
818,,2019-06-20,253.082
817,,2019-06-21,257.78700000000003
816,,2019-06-23,258.911
815,,2019-06-24,260.737
814,,2019-06-25,265.918
813,,2019-06-26,264.312
812,,2019-06-27,261.758
811,,2019-06-28,261.897
810,,2019-06-30,256.45599999999996
958,,2019-07-01,219.97299999999998
931,,2019-07-02,219.28599999999997
907,,2019-07-03,224.952
881,,2019-07-04,234.157
856,,2019-07-05,251.222
829,,2019-07-06,248.373
804,,2019-07-07,259.452
777,,2019-07-08,262.5
725,,2019-07-10,277.038
698,,2019-07-11,275.603
798,,2019-07-14,260.404
797,,2019-07-15,260.895
796,,2019-07-16,259.922
795,,2019-07-17,257.976
794,,2019-07-18,260.35400000000004
793,,2019-07-19,260.993
792,,2019-07-21,259.431
791,,2019-07-22,259.251
790,,2019-07-23,259.66200000000003
789,,2019-07-24,260.703
788,,2019-07-25,261.815
787,,2019-07-26,259.414
786,,2019-07-28,258.309
785,,2019-07-29,258.349
784,,2019-07-30,257.339
783,,2019-07-31,255.791
957,,2019-08-01,223.13099999999997
930,,2019-08-02,222.24599999999998
906,,2019-08-03,225.76
880,,2019-08-04,234.171
855,,2019-08-05,254.446
803,,2019-08-07,257.69599999999997
776,,2019-08-08,265.171
750,,2019-08-09,276.35400000000004
724,,2019-08-10,280.212
697,,2019-08-11,271.7
672,,2019-08-12,271.178
772,,2019-08-13,270.535
771,,2019-08-14,268.983
770,,2019-08-15,273.7
769,,2019-08-16,273.462
768,,2019-08-18,271.263
767,,2019-08-19,271.175
766,,2019-08-20,271.769
765,,2019-08-21,277.66700000000003
764,,2019-08-22,276.629
763,,2019-08-23,277.785
762,,2019-08-25,286.131
761,,2019-08-26,289.813
760,,2019-08-27,286.413
759,,2019-08-28,289.32599999999996
758,,2019-08-29,288.092
757,,2019-08-30,286.71
956,,2019-09-01,226.542
879,,2019-09-04,237.533
854,,2019-09-05,253.84599999999998
828,,2019-09-06,250.435
802,,2019-09-07,257.032
775,,2019-09-08,265.289
749,,2019-09-09,276.32
723,,2019-09-10,283.13
671,,2019-09-12,271.363
745,,2019-09-13,272.66
744,,2019-09-15,276.35
743,,2019-09-16,277.35
742,,2019-09-17,275.932
741,,2019-09-18,275.172
740,,2019-09-19,272.387
739,,2019-09-20,275.748
738,,2019-09-22,279.108
737,,2019-09-23,279.51
736,,2019-09-24,279.625
735,,2019-09-25,280.543
734,,2019-09-26,274.873
733,,2019-09-27,274.703
732,,2019-09-29,272.48
731,,2019-09-30,272.666
955,,2019-10-01,227.585
929,,2019-10-02,221.90599999999998
905,,2019-10-03,227.018
878,,2019-10-04,238.457
853,,2019-10-05,254.25900000000001
827,,2019-10-06,250.81400000000002
801,,2019-10-07,256.978
748,,2019-10-09,276.387
722,,2019-10-10,285.66200000000003
696,,2019-10-11,270.682
670,,2019-10-12,272.987
720,,2019-10-13,282.043
719,,2019-10-14,281.388
718,,2019-10-15,284.362
717,,2019-10-16,282.267
716,,2019-10-17,281.897
715,,2019-10-18,279.252
714,,2019-10-20,277.99
713,,2019-10-21,278.097
712,,2019-10-22,279.60900000000004
711,,2019-10-23,277.76599999999996
710,,2019-10-24,275.286
709,,2019-10-25,278.626
708,,2019-10-27,278.948
707,,2019-10-28,279.17900000000003
706,,2019-10-29,274.806
705,,2019-10-30,275.031
704,,2019-10-31,274.168
954,,2019-11-01,224.838
928,,2019-11-02,221.86700000000002
904,,2019-11-03,226.676
877,,2019-11-04,239.007
826,,2019-11-06,247.593
800,,2019-11-07,260.041
774,,2019-11-08,264.651
747,,2019-11-09,275.86400000000003
721,,2019-11-10,280.77
695,,2019-11-11,270.94
669,,2019-11-12,273.272
693,,2019-11-13,270.765
692,,2019-11-14,270.887
691,,2019-11-15,271.719
690,,2019-11-17,271.282
689,,2019-11-18,271.449
688,,2019-11-19,271.26
687,,2019-11-20,270.404
686,,2019-11-21,270.23900000000003
685,,2019-11-22,268.44
684,,2019-11-24,268.509
683,,2019-11-25,268.438
682,,2019-11-26,268.409
681,,2019-11-27,270.52299999999997
680,,2019-11-28,270.75
679,,2019-11-29,269.668
927,,2019-12-02,222.03099999999998
903,,2019-12-03,225.85299999999998
876,,2019-12-04,238.32
852,,2019-12-05,248.55700000000002
825,,2019-12-06,247.845
799,,2019-12-07,256.965
773,,2019-12-08,265.28
746,,2019-12-09,276.098
694,,2019-12-11,270.099
668,,2019-12-12,275.127
667,,2019-12-13,272.003
666,,2019-12-15,275.70599999999996
665,,2019-12-16,275.382
664,,2019-12-17,277.491
663,,2019-12-18,279.282
662,,2019-12-19,281.132
661,,2019-12-20,282.436
660,,2019-12-22,282.236
659,,2019-12-23,282.305
658,,2019-12-24,284.085
657,,2019-12-25,286.251
656,,2019-12-26,286.317
655,,2019-12-27,288.258
654,,2019-12-29,289.152
653,,2019-12-30,289.525
652,,2019-12-31,289.774
651,,2020-01-01,290.72700000000003
600,,2020-01-03,319.847
573,,2020-01-04,335.903
548,,2020-01-05,379.412
522,,2020-01-06,381.185
496,,2020-01-07,392.789
443,,2020-01-09,465.45300000000003
417,,2020-01-10,468.541
391,,2020-01-11,504.838
365,,2020-01-12,447.849
641,,2020-01-13,294.717
640,,2020-01-14,291.43
639,,2020-01-15,293.32099999999997
638,,2020-01-16,294.10900000000004
637,,2020-01-17,292.33
636,,2020-01-19,295.436
635,,2020-01-20,295.089
634,,2020-01-21,296.901
633,,2020-01-22,296.991
632,,2020-01-23,297.282
631,,2020-01-24,297.611
630,,2020-01-26,302.123
629,,2020-01-27,302.616
628,,2020-01-28,302.14599999999996
627,,2020-01-29,299.656
626,,2020-01-30,302.251
625,,2020-01-31,302.742
650,,2020-02-01,290.356
624,,2020-02-02,305.67400000000004
599,,2020-02-03,318.54200000000003
572,,2020-02-04,343.31699999999995
521,,2020-02-06,381.55199999999996
495,,2020-02-07,389.332
469,,2020-02-08,444.65
442,,2020-02-09,467.272
416,,2020-02-10,474.151
390,,2020-02-11,505.254
364,,2020-02-12,455.72900000000004
614,,2020-02-13,305.14799999999997
613,,2020-02-14,306.39799999999997
612,,2020-02-16,308.022
611,,2020-02-17,308.305
610,,2020-02-18,308.057
609,,2020-02-19,312.16200000000003
608,,2020-02-20,315.005
607,,2020-02-21,318.323
606,,2020-02-23,325.587
605,,2020-02-24,327.422
604,,2020-02-25,325.35200000000003
603,,2020-02-26,324.118
602,,2020-02-27,325.552
601,,2020-02-28,328.574
649,,2020-03-01,292.844
623,,2020-03-02,305.562
598,,2020-03-03,315.842
571,,2020-03-04,344.14
547,,2020-03-05,383.462
520,,2020-03-06,372.277
494,,2020-03-07,391.235
468,,2020-03-08,445.223
441,,2020-03-09,461.037
389,,2020-03-11,514.184
363,,2020-03-12,462.255
589,,2020-03-13,320.27299999999997
588,,2020-03-15,315.001
587,,2020-03-16,315.16700000000003
586,,2020-03-17,311.547
585,,2020-03-18,316.482
584,,2020-03-19,312.01
583,,2020-03-20,309.755
582,,2020-03-22,317.568
581,,2020-03-23,314.872
580,,2020-03-24,329.899
579,,2020-03-25,338.32300000000004
578,,2020-03-26,332.48800000000006
577,,2020-03-27,334.721
576,,2020-03-29,338.31699999999995
575,,2020-03-30,338.25
574,,2020-03-31,341.588
622,,2020-04-02,303.795
597,,2020-04-03,323.41200000000003
546,,2020-04-05,383.684
519,,2020-04-06,367.89300000000003
467,,2020-04-08,442.4
440,,2020-04-09,460.985
415,,2020-04-10,474.80699999999996
388,,2020-04-11,519.4830000000001
362,,2020-04-12,460.60699999999997
564,,2020-04-13,364.711
563,,2020-04-14,374.217
562,,2020-04-15,378.412
561,,2020-04-16,380.847
560,,2020-04-17,381.89599999999996
559,,2020-04-19,374.19599999999997
558,,2020-04-20,372.14599999999996
557,,2020-04-21,377.477
556,,2020-04-22,378.583
555,,2020-04-23,384.23699999999997
554,,2020-04-24,386.57099999999997
553,,2020-04-26,386.292
552,,2020-04-27,386.49800000000005
551,,2020-04-28,384.01099999999997
550,,2020-04-29,383.056
549,,2020-04-30,383.024
648,,2020-05-01,300.737
621,,2020-05-02,298.777
596,,2020-05-03,320.047
570,,2020-05-04,348.88
545,,2020-05-05,386.161
518,,2020-05-06,371.916
493,,2020-05-07,391.436
466,,2020-05-08,452.605
414,,2020-05-10,475.077
387,,2020-05-11,517.359
538,,2020-05-13,382.977
537,,2020-05-14,385.22900000000004
536,,2020-05-15,385.879
535,,2020-05-17,386.624
534,,2020-05-18,389.57300000000004
533,,2020-05-19,383.582
532,,2020-05-20,380.88300000000004
531,,2020-05-21,381.246
530,,2020-05-22,376.876
529,,2020-05-24,379.957
528,,2020-05-25,379.001
527,,2020-05-26,378.329
526,,2020-05-27,370.975
525,,2020-05-28,373.035
524,,2020-05-29,377.334
523,,2020-05-31,380.875
647,,2020-06-01,301.20599999999996
620,,2020-06-02,299.332
595,,2020-06-03,328.715
569,,2020-06-04,351.126
544,,2020-06-05,388.16
492,,2020-06-07,391.81699999999995
465,,2020-06-08,461.824
439,,2020-06-09,462.649
413,,2020-06-10,477.46
386,,2020-06-11,527.3380000000001
361,,2020-06-12,461.491
511,,2020-06-14,379.37199999999996
510,,2020-06-15,379.86400000000003
509,,2020-06-16,378.457
508,,2020-06-17,379.533
507,,2020-06-18,379.89300000000003
506,,2020-06-19,379.99
505,,2020-06-21,384.851
504,,2020-06-22,385.273
503,,2020-06-23,386.44199999999995
502,,2020-06-24,389.42400000000004
501,,2020-06-25,388.42699999999996
500,,2020-06-26,389.19
499,,2020-06-28,391.034
498,,2020-06-29,390.365
497,,2020-06-30,390.42900000000003
646,,2020-07-01,300.176
619,,2020-07-02,301.471
568,,2020-07-04,362.24300000000005
543,,2020-07-05,391.159
517,,2020-07-06,366.231
491,,2020-07-07,393.964
464,,2020-07-08,482.024
438,,2020-07-09,463.06699999999995
412,,2020-07-10,471.491
360,,2020-07-12,460.534
486,,2020-07-13,397.3
485,,2020-07-14,397.575
484,,2020-07-15,399.408
483,,2020-07-16,399.83099999999996
482,,2020-07-17,396.602
481,,2020-07-19,398.69
480,,2020-07-20,398.82099999999997
479,,2020-07-21,400.76599999999996
478,,2020-07-22,404.8
477,,2020-07-23,411.59
476,,2020-07-24,414.911
475,,2020-07-26,418.42199999999997
474,,2020-07-27,421.12699999999995
473,,2020-07-28,434.977
472,,2020-07-29,436.716
471,,2020-07-30,440.815
470,,2020-07-31,438.995
645,,2020-08-01,306.481
594,,2020-08-03,333.38300000000004
567,,2020-08-04,358.587
542,,2020-08-05,391.334
516,,2020-08-06,365.83
490,,2020-08-07,395.74199999999996
437,,2020-08-09,463.075
411,,2020-08-10,478.11300000000006
385,,2020-08-11,534.82
359,,2020-08-12,467.44199999999995
459,,2020-08-13,452.869
458,,2020-08-14,462.351
457,,2020-08-16,461.091
456,,2020-08-17,458.024
455,,2020-08-18,470.94199999999995
454,,2020-08-19,475.435
453,,2020-08-20,451.408
452,,2020-08-21,458.444
451,,2020-08-23,454.94699999999995
450,,2020-08-24,456.287
449,,2020-08-25,457.89099999999996
448,,2020-08-26,459.006
447,,2020-08-27,462.79900000000004
446,,2020-08-28,456.096
445,,2020-08-30,463.45599999999996
444,,2020-08-31,465.163
644,,2020-09-01,296.08099999999996
618,,2020-09-02,302.75
593,,2020-09-03,334.92199999999997
566,,2020-09-04,358.775
515,,2020-09-06,369.959
489,,2020-09-07,398.999
463,,2020-09-08,473.777
436,,2020-09-09,464.56800000000004
410,,2020-09-10,484.176
384,,2020-09-11,531.664
358,,2020-09-12,469.88599999999997
433,,2020-09-13,466.54699999999997
432,,2020-09-14,467.085
431,,2020-09-15,471.29699999999997
430,,2020-09-16,470.531
429,,2020-09-17,472.31
428,,2020-09-18,472.88800000000003
427,,2020-09-20,474.264
426,,2020-09-21,473.777
425,,2020-09-22,470.67900000000003
424,,2020-09-23,469.75699999999995
423,,2020-09-24,459.67199999999997
422,,2020-09-25,457.534
421,,2020-09-27,459.04
420,,2020-09-28,459.085
419,,2020-09-29,472.02099999999996
418,,2020-09-30,476.68800000000005
643,,2020-10-01,293.54400000000004
617,,2020-10-02,303.236
592,,2020-10-03,329.894
541,,2020-10-05,387.981
514,,2020-10-06,374.336
488,,2020-10-07,398.06300000000005
462,,2020-10-08,476.21
435,,2020-10-09,468.25699999999995
383,,2020-10-11,487.707
357,,2020-10-12,461.444
407,,2020-10-13,488.319
406,,2020-10-14,482.531
405,,2020-10-15,482.83099999999996
404,,2020-10-16,486.355
403,,2020-10-18,484.736
402,,2020-10-19,483.82599999999996
401,,2020-10-20,482.077
400,,2020-10-21,483.055
399,,2020-10-22,482.54400000000004
398,,2020-10-23,486.666
397,,2020-10-25,487.345
396,,2020-10-26,486.832
395,,2020-10-27,494.87800000000004
394,,2020-10-28,502.19699999999995
393,,2020-10-29,500.01300000000003
392,,2020-10-30,499.2
616,,2020-11-02,303.611
591,,2020-11-03,328.031
540,,2020-11-05,389.423
513,,2020-11-06,378.035
461,,2020-11-08,478.25199999999995
434,,2020-11-09,465.435
409,,2020-11-10,486.83099999999996
382,,2020-11-11,493.99199999999996
356,,2020-11-12,465.93199999999996
380,,2020-11-13,463.705
379,,2020-11-15,465.577
378,,2020-11-16,468.494
377,,2020-11-17,467.86
376,,2020-11-18,466.36800000000005
375,,2020-11-19,464.254
374,,2020-11-20,451.621
373,,2020-11-22,459.73900000000003
372,,2020-11-23,459.73400000000004
371,,2020-11-24,465.50199999999995
370,,2020-11-25,465.124
369,,2020-11-26,461.94599999999997
368,,2020-11-27,458.32199999999995
367,,2020-11-29,451.215
366,,2020-11-30,450.781
642,,2020-12-01,294.822
615,,2020-12-02,303.207
590,,2020-12-03,328.277
565,,2020-12-04,364.98900000000003
539,,2020-12-05,385.67400000000004
512,,2020-12-06,379.72
487,,2020-12-07,397.371
460,,2020-12-08,444.17800000000005
408,,2020-12-10,487.26300000000003
381,,2020-12-11,467.912
355,,2020-12-13,464.83
354,,2020-12-14,464.374
353,,2020-12-15,461.48400000000004
352,,2020-12-16,466.55300000000005
351,,2020-12-17,467.45599999999996
350,,2020-12-18,466.463
349,,2020-12-20,463.85699999999997
348,,2020-12-21,464.11
347,,2020-12-22,462.227
346,,2020-12-23,459.255
345,,2020-12-24,460.467
344,,2020-12-25,457.824
343,,2020-12-27,456.089
342,,2020-12-28,460.19599999999997
341,,2020-12-29,449.32599999999996
340,,2020-12-30,446.611
339,,2020-12-31,449.85
338,,2021-01-01,454.121
312,,2021-01-02,434.531
288,,2021-01-03,415.08
261,,2021-01-04,453.452
328,,2021-01-13,445.272
327,,2021-01-14,439.659
326,,2021-01-15,437.76
325,,2021-01-17,438.834
324,,2021-01-18,434.461
323,,2021-01-19,442.155
322,,2021-01-20,442.155
321,,2021-01-21,445.86199999999997
320,,2021-01-22,443.08099999999996
319,,2021-01-24,442.256
318,,2021-01-25,443.06
317,,2021-01-26,442.20099999999996
316,,2021-01-27,437.587
315,,2021-01-28,437.61400000000003
314,,2021-01-29,435.745
313,,2021-01-31,434.847
311,,2021-02-02,429.592
287,,2021-02-03,403.814
301,,2021-02-14,412.626
300,,2021-02-15,411.87699999999995
299,,2021-02-16,407.151
298,,2021-02-17,401.769
297,,2021-02-18,398.67199999999997
296,,2021-02-19,397.27099999999996
295,,2021-02-21,400.249
294,,2021-02-22,400.486
293,,2021-02-23,408.702
292,,2021-02-24,412.714
291,,2021-02-25,415.472
290,,2021-02-26,417.972
289,,2021-02-28,414.32599999999996
337,,2021-03-01,454.337
310,,2021-03-02,425.01800000000003
286,,2021-03-03,410.309
277,,2021-03-14,420.235
276,,2021-03-15,419.656
275,,2021-03-16,419.283
274,,2021-03-17,417.17699999999996
273,,2021-03-18,421.63599999999997
272,,2021-03-19,408.647
271,,2021-03-21,405.041
270,,2021-03-22,453.64599999999996
269,,2021-03-23,438.02099999999996
268,,2021-03-24,441.208
267,,2021-03-25,441.79900000000004
266,,2021-03-26,441.69300000000004
265,,2021-03-28,450.20599999999996
264,,2021-03-29,452.106
263,,2021-03-30,454.98699999999997
262,,2021-03-31,451.41
336,,2021-04-01,458.082
309,,2021-04-02,422.274
285,,2021-04-03,410.334
335,,2021-05-01,463.778
308,,2021-05-02,412.075
284,,2021-05-03,410.226
334,,2021-06-01,463.352
333,,2021-07-01,451.847
307,,2021-07-02,411.744
283,,2021-07-03,411.744
332,,2021-08-01,451.844
306,,2021-08-02,412.724
282,,2021-08-03,412.88199999999995
305,,2021-09-02,416.81199999999995
281,,2021-09-03,420.746
331,,2021-10-01,438.559
304,,2021-10-02,417.184
280,,2021-10-03,420.418
330,,2021-11-01,436.575
303,,2021-11-02,417.977
279,,2021-11-03,416.653
329,,2021-12-01,444.121
302,,2021-12-02,412.84
278,,2021-12-03,414.292
