epoch,accuracy,loss,mae,mape,mse
0,0.0,0.4972034692764282,0.3416192829608917,11.11474323272705,0.4972034692764282
1,0.0,0.012841231189668179,0.08631063252687454,2.9198851585388184,0.012841231189668179
2,0.0,0.007860624231398106,0.06581532955169678,2.16817045211792,0.007860624231398106
3,0.0,0.00625620549544692,0.05786735936999321,1.8847976922988892,0.00625620549544692
4,0.0,0.005468163173645735,0.05160859599709511,1.6759151220321655,0.005468163173645735
5,0.0,0.005028699524700642,0.048828788101673126,1.5681126117706299,0.005028699524700642
6,0.0,0.004523901268839836,0.046585652977228165,1.4728891849517822,0.004523901268839836
7,0.0,0.00422542542219162,0.043437544256448746,1.3399649858474731,0.00422542542219162
8,0.0,0.0040442440658807755,0.04169987887144089,1.276559591293335,0.0040442440658807755
9,0.0,0.003973779734224081,0.04157288745045662,1.266734004020691,0.003973779734224081
10,0.0,0.004042884334921837,0.040034037083387375,1.1998933553695679,0.004042884334921837
11,0.0,0.003817463992163539,0.03946058079600334,1.1850234270095825,0.003817463992163539
12,0.0,0.003762815846130252,0.038915641605854034,1.1624152660369873,0.003762815846130252
13,0.0,0.0036308723501861095,0.0376625657081604,1.1252752542495728,0.0036308723501861095
14,0.0,0.003640682902187109,0.03839721158146858,1.1569240093231201,0.003640682902187109
15,0.0,0.0036998658906668425,0.03760210797190666,1.1154693365097046,0.0036998658906668425
16,0.0,0.0036063133738934994,0.037819426506757736,1.140124797821045,0.0036063133738934994
17,0.0,0.0036293428856879473,0.03798440098762512,1.134583592414856,0.0036293428856879473
18,0.0,0.0036574159748852253,0.0378885492682457,1.1112279891967773,0.0036574159748852253
19,0.0,0.003717259271070361,0.037751711905002594,1.1155461072921753,0.003717259271070361
20,0.0,0.0035808058455586433,0.03760531544685364,1.1101561784744263,0.0035808058455586433
21,0.0,0.003534675342962146,0.037002578377723694,1.0968984365463257,0.003534675342962146
22,0.0,0.0035342632327228785,0.037485748529434204,1.123916506767273,0.0035342632327228785
23,0.0,0.0034007392823696136,0.03626162186264992,1.0829843282699585,0.0034007392823696136
24,0.0,0.0036046504974365234,0.03679744899272919,1.0859109163284302,0.0036046504974365234
25,0.0,0.0035294496919959784,0.03609008342027664,1.0652501583099365,0.0035294496919959784
26,0.0,0.0035647167824208736,0.03713446110486984,1.1058276891708374,0.0035647167824208736
27,0.0,0.003585183061659336,0.036651190370321274,1.0766159296035767,0.003585183061659336
28,0.0,0.0034974960144609213,0.036707669496536255,1.0843693017959595,0.0034974960144609213
29,0.0,0.0035047903656959534,0.03602591156959534,1.0687028169631958,0.0035047903656959534
30,0.0,0.003472332376986742,0.03636571019887924,1.0700615644454956,0.003472332376986742
31,0.0,0.003438866464421153,0.03565583750605583,1.0431238412857056,0.003438866464421153
32,0.0,0.0034854307305067778,0.036297205835580826,1.0595262050628662,0.0034854307305067778
33,0.0,0.003350883489474654,0.036273423582315445,1.0627317428588867,0.003350883489474654
34,0.0,0.00335601344704628,0.03666225075721741,1.0804402828216553,0.00335601344704628
35,0.0,0.003366068471223116,0.03573475778102875,1.0533555746078491,0.003366068471223116
36,0.0,0.003309403546154499,0.03579847514629364,1.0547860860824585,0.003309403546154499
37,0.0,0.003529411507770419,0.03638797253370285,1.0642691850662231,0.003529411507770419
38,0.0,0.003509840928018093,0.034969061613082886,1.0234521627426147,0.003509840928018093
39,0.0,0.003210279392078519,0.03553958237171173,1.0566927194595337,0.003210279392078519
40,0.0,0.003539327997714281,0.03580712154507637,1.0552239418029785,0.003539327997714281
41,0.0,0.003471760079264641,0.03618253394961357,1.065765380859375,0.003471760079264641
42,0.0,0.0033284674864262342,0.03599069267511368,1.0544089078903198,0.0033284674864262342
43,0.0,0.0032425413373857737,0.03580361232161522,1.0484384298324585,0.0032425413373857737
44,0.0,0.003459217259660363,0.035650577396154404,1.036718487739563,0.003459217259660363
45,0.0,0.003308946965262294,0.034715939313173294,1.022610068321228,0.003308946965262294
46,0.0,0.0032733737025409937,0.03498554974794388,1.0345103740692139,0.0032733737025409937
47,0.0,0.0033142471220344305,0.03509863093495369,1.0241891145706177,0.0033142471220344305
48,0.0,0.0032088279258459806,0.03545144945383072,1.0388604402542114,0.0032088279258459806
49,0.0,0.003361310111358762,0.035072244703769684,1.020328402519226,0.003361310111358762
50,0.0,0.0032478179782629013,0.03485086187720299,1.0244083404541016,0.0032478179782629013
51,0.0,0.00326110003516078,0.03532516956329346,1.0429255962371826,0.00326110003516078
52,0.0,0.0032041361555457115,0.03495744988322258,1.0235401391983032,0.0032041361555457115
53,0.0,0.00316223525442183,0.03427555039525032,1.0132603645324707,0.00316223525442183
54,0.0,0.0033058407716453075,0.034387052059173584,1.0077763795852661,0.0033058407716453075
55,0.0,0.003368165111169219,0.03369783237576485,0.9819802045822144,0.003368165111169219
56,0.0,0.003256062511354685,0.03320660442113876,0.9646398425102234,0.003256062511354685
57,0.0,0.0031566645484417677,0.034564610570669174,1.0188997983932495,0.0031566645484417677
58,0.0,0.003129640594124794,0.03424084186553955,1.0054694414138794,0.003129640594124794
59,0.0,0.0031863616313785315,0.03474687784910202,1.0241495370864868,0.0031863616313785315
60,0.0,0.0031975912861526012,0.03436202183365822,1.010890007019043,0.0031975912861526012
61,0.0,0.003054786939173937,0.0342034287750721,1.005043864250183,0.003054786939173937
62,0.0,0.003235041629523039,0.03439434990286827,0.9980034828186035,0.003235041629523039
63,0.0,0.0033528024796396494,0.03422572463750839,0.9903481006622314,0.0033528024796396494
64,0.0,0.003175628138706088,0.0341559536755085,0.9934127926826477,0.003175628138706088
65,0.0,0.0030185377690941095,0.03403250128030777,1.0167120695114136,0.0030185377690941095
66,0.0,0.003142890054732561,0.033839572221040726,0.9899322390556335,0.003142890054732561
67,0.0,0.0030745957046747208,0.034619808197021484,1.0170542001724243,0.0030745957046747208
68,0.0,0.0031166188418865204,0.03432825580239296,1.0013315677642822,0.0031166188418865204
69,0.0,0.0030628787353634834,0.03357674181461334,0.990835428237915,0.0030628787353634834
70,0.0,0.003083999501541257,0.033799152821302414,1.004565715789795,0.003083999501541257
71,0.0,0.003158257342875004,0.03401551768183708,0.9971976280212402,0.003158257342875004
72,0.0,0.003067330690100789,0.033968761563301086,0.987827479839325,0.003067330690100789
73,0.0,0.003113336395472288,0.03402653709053993,0.9931935667991638,0.003113336395472288
74,0.0,0.003104533301666379,0.033769771456718445,0.99118572473526,0.003104533301666379
75,0.0,0.0032037559431046247,0.0338212326169014,0.9763966798782349,0.0032037559431046247
76,0.0,0.003169028088450432,0.03411034867167473,0.9945986866950989,0.003169028088450432
77,0.0,0.0031786200124770403,0.033703792840242386,0.9779466986656189,0.0031786200124770403
78,0.0,0.00307892682030797,0.03359150141477585,0.9763056635856628,0.00307892682030797
79,0.0,0.003241852391511202,0.03440547361969948,0.9898284673690796,0.003241852391511202
80,0.0,0.0030997195281088352,0.033513907343149185,0.9850810170173645,0.0030997195281088352
81,0.0,0.0031137221958488226,0.033454086631536484,0.9780877232551575,0.0031137221958488226
82,0.0,0.0032413594890385866,0.03344517573714256,0.9683030247688293,0.0032413594890385866
83,0.0,0.0030988750513643026,0.034111201763153076,1.003183126449585,0.0030988750513643026
84,0.0,0.0032125182915478945,0.03410003334283829,0.9953911900520325,0.0032125182915478945
85,0.0,0.002996546681970358,0.033907875418663025,1.0019128322601318,0.002996546681970358
86,0.0,0.003088261466473341,0.03337074816226959,0.9701411724090576,0.003088261466473341
87,0.0,0.002985189901664853,0.03329494222998619,0.9802939891815186,0.002985189901664853
88,0.0,0.0031189867295324802,0.03403306007385254,0.9972235560417175,0.0031189867295324802
89,0.0,0.003111380385234952,0.03322896361351013,0.9635044932365417,0.003111380385234952
90,0.0,0.003164784051477909,0.03368986025452614,0.9802857041358948,0.003164784051477909
91,0.0,0.003162534674629569,0.03448900952935219,1.0056637525558472,0.003162534674629569
92,0.0,0.0030585238710045815,0.03337932378053665,0.979051947593689,0.0030585238710045815
93,0.0,0.0030893541406840086,0.03349779546260834,0.9770827889442444,0.0030893541406840086
94,0.0,0.0031382672023028135,0.03379450738430023,0.9908746480941772,0.0031382672023028135
95,0.0,0.003094930201768875,0.034092456102371216,1.0004676580429077,0.003094930201768875
96,0.0,0.0030784294940531254,0.03302868828177452,0.9605244994163513,0.0030784294940531254
97,0.0,0.0031772612128406763,0.03358185663819313,0.9857187271118164,0.0031772612128406763
98,0.0,0.0030475084204226732,0.03321634232997894,0.9679998755455017,0.0030475084204226732
99,0.0,0.0031251467298716307,0.03343357890844345,0.9735522270202637,0.0031251467298716307
100,0.0,0.003119583008810878,0.03327391669154167,0.9672324657440186,0.003119583008810878
101,0.0,0.003103372873738408,0.03339318931102753,0.9720101952552795,0.003103372873738408
102,0.0,0.003051614388823509,0.03381725028157234,0.9896411895751953,0.003051614388823509
103,0.0,0.0029995266813784838,0.033666763454675674,0.9823269844055176,0.0029995266813784838
104,0.0,0.0031560026109218597,0.03333229199051857,0.9636206030845642,0.0031560026109218597
105,0.0,0.0030921983998268843,0.03337452560663223,0.9651299715042114,0.0030921983998268843
106,0.0,0.0030246125534176826,0.03263383358716965,0.9549673199653625,0.0030246125534176826
107,0.0,0.0031403382308781147,0.032937925308942795,0.9537776112556458,0.0031403382308781147
108,0.0,0.003202286083251238,0.03324757516384125,0.9739101529121399,0.003202286083251238
109,0.0,0.0030331916641443968,0.03301023319363594,0.962981104850769,0.0030331916641443968
110,0.0,0.0030412902124226093,0.03327016904950142,0.968698263168335,0.0030412902124226093
111,0.0,0.0029824073426425457,0.033195916563272476,0.9635111689567566,0.0029824073426425457
112,0.0,0.002925126813352108,0.03253335505723953,0.9524966478347778,0.002925126813352108
113,0.0,0.002997440518811345,0.03334566950798035,0.9712051749229431,0.002997440518811345
114,0.0,0.0029569235630333424,0.03267431631684303,0.9468558430671692,0.0029569235630333424
115,0.0,0.0030863624997437,0.033185429871082306,0.9687122106552124,0.0030863624997437
116,0.0,0.0030131309758871794,0.03285575285553932,0.9568836688995361,0.0030131309758871794
117,0.0,0.0030451370403170586,0.03349193185567856,0.9800876379013062,0.0030451370403170586
118,0.0,0.0030654924921691418,0.03383355960249901,0.9809750914573669,0.0030654924921691418
119,0.0,0.0030914819799363613,0.033815301954746246,0.9820892810821533,0.0030914819799363613
120,0.0,0.003107726341113448,0.033139102160930634,0.967665433883667,0.003107726341113448
121,0.0,0.003002648241817951,0.033420294523239136,0.9831384420394897,0.003002648241817951
122,0.0,0.003058487083762884,0.032650068402290344,0.9415940046310425,0.003058487083762884
123,0.0,0.0030314044561237097,0.0331176333129406,0.9555140733718872,0.0030314044561237097
124,0.0,0.00294236047193408,0.03296171873807907,0.9657776951789856,0.00294236047193408
125,0.0,0.003126624971628189,0.033273305743932724,0.950109601020813,0.003126624971628189
126,0.0,0.0029495072085410357,0.033032506704330444,0.9572958946228027,0.0029495072085410357
127,0.0,0.003016707254573703,0.032417140901088715,0.9387381076812744,0.003016707254573703
128,0.0,0.002991825109347701,0.033169958740472794,0.9643439650535583,0.002991825109347701
129,0.0,0.0030007038731127977,0.033006440848112106,0.9682326912879944,0.0030007038731127977
130,0.0,0.0028760433197021484,0.032811541110277176,0.960509717464447,0.0028760433197021484
131,0.0,0.0029063450638204813,0.03262586146593094,0.9456608295440674,0.0029063450638204813
132,0.0,0.0029934640042483807,0.03264331445097923,0.9407857656478882,0.0029934640042483807
133,0.0,0.002927506808191538,0.033204250037670135,0.9721166491508484,0.002927506808191538
134,0.0,0.0028732961509376764,0.032188788056373596,0.9349432587623596,0.0028732961509376764
135,0.0,0.003024481236934662,0.032578613609075546,0.9421162009239197,0.003024481236934662
136,0.0,0.0030103770550340414,0.03296869620680809,0.9658060073852539,0.0030103770550340414
137,0.0,0.0029322344344109297,0.03232994303107262,0.9413594007492065,0.0029322344344109297
138,0.0,0.0030473244842141867,0.03294290229678154,0.9543413519859314,0.0030473244842141867
139,0.0,0.003038174705579877,0.03257395327091217,0.9392776489257812,0.003038174705579877
140,0.0,0.002884353743866086,0.03259550407528877,0.9423626661300659,0.002884353743866086
141,0.0,0.00304160313680768,0.03290627524256706,0.952526330947876,0.00304160313680768
142,0.0,0.003004467347636819,0.033067379146814346,0.957100510597229,0.003004467347636819
143,0.0,0.0030017374083399773,0.032561060041189194,0.9406370520591736,0.0030017374083399773
144,0.0,0.0029864474199712276,0.032885849475860596,0.9563521146774292,0.0029864474199712276
145,0.0,0.0029456873890012503,0.032614752650260925,0.935677707195282,0.0029456873890012503
146,0.0,0.0029861077200621367,0.032151494175195694,0.9254905581474304,0.0029861077200621367
147,0.0,0.0031062006019055843,0.03241857513785362,0.9404918551445007,0.0031062006019055843
148,0.0,0.0029993869829922915,0.03248685225844383,0.9374120235443115,0.0029993869829922915
149,0.0,0.0029456166084855795,0.03249650448560715,0.9436291456222534,0.0029456166084855795
150,0.0,0.0029196820687502623,0.032683227211236954,0.9543102979660034,0.0029196820687502623
151,0.0,0.002962094498798251,0.03230183944106102,0.946046769618988,0.002962094498798251
152,0.0,0.0029006926342844963,0.03225032985210419,0.9406285285949707,0.0029006926342844963
153,0.0,0.0030450664926320314,0.03242334723472595,0.9305064082145691,0.0030450664926320314
154,0.0,0.0029365462251007557,0.03301938623189926,0.9575710296630859,0.0029365462251007557
155,0.0,0.0029064679984003305,0.03211648389697075,0.9339316487312317,0.0029064679984003305
156,0.0,0.0030607685912400484,0.03258703649044037,0.9455814957618713,0.0030607685912400484
157,0.0,0.0029205947648733854,0.03269419074058533,0.9450078010559082,0.0029205947648733854
158,0.0,0.0029957247897982597,0.03242035210132599,0.9420135021209717,0.0029957247897982597
159,0.0,0.002937083598226309,0.03294435888528824,0.9536309242248535,0.002937083598226309
160,0.0,0.002953776391223073,0.03219497203826904,0.9378721117973328,0.002953776391223073
161,0.0,0.003006602870300412,0.03258555382490158,0.9382092952728271,0.003006602870300412
162,0.0,0.0028294792864471674,0.03257164731621742,0.9515518546104431,0.0028294792864471674
163,0.0,0.0030431055929511786,0.03326362371444702,0.9621106386184692,0.0030431055929511786
164,0.0,0.002900815801694989,0.03219214826822281,0.9318074584007263,0.002900815801694989
165,0.0,0.002936299191787839,0.03259525075554848,0.943031370639801,0.002936299191787839
166,0.0,0.002914414508268237,0.03253861516714096,0.9443825483322144,0.002914414508268237
167,0.0,0.0029541286639869213,0.03313082456588745,0.9608144760131836,0.0029541286639869213
168,0.0,0.0029346845112740993,0.03180055692791939,0.9158698320388794,0.0029346845112740993
169,0.0,0.002941547194495797,0.03289546072483063,0.9563078880310059,0.002941547194495797
170,0.0,0.0029311783146113157,0.032515835016965866,0.9327138066291809,0.0029311783146113157
171,0.0,0.002921423176303506,0.032639455050230026,0.9451510906219482,0.002921423176303506
172,0.0,0.0028795951511710882,0.03287091478705406,0.9602089524269104,0.0028795951511710882
173,0.0,0.0029037720523774624,0.0323033332824707,0.9311763644218445,0.0029037720523774624
174,0.0,0.0030498069245368242,0.03180738538503647,0.9085843563079834,0.0030498069245368242
175,0.0,0.0029615559615194798,0.03269321843981743,0.944932758808136,0.0029615559615194798
176,0.0,0.002880779793485999,0.032034438103437424,0.9324195981025696,0.002880779793485999
177,0.0,0.002922267885878682,0.032542549073696136,0.9475276470184326,0.002922267885878682
178,0.0,0.002861487213522196,0.03263435512781143,0.9486782550811768,0.002861487213522196
179,0.0,0.0029826220124959946,0.03228805214166641,0.9388092160224915,0.0029826220124959946
180,0.0,0.0029476131312549114,0.03253720700740814,0.9289003014564514,0.0029476131312549114
181,0.0,0.002947109052911401,0.032155584543943405,0.9201822280883789,0.002947109052911401
182,0.0,0.0029288819059729576,0.03184102475643158,0.9216173887252808,0.0029288819059729576
183,0.0,0.002903994172811508,0.03223058953881264,0.9369788765907288,0.002903994172811508
184,0.0,0.0028979559428989887,0.03220200538635254,0.9284679293632507,0.0028979559428989887
185,0.0,0.0029347080271691084,0.03266371414065361,0.9471325874328613,0.0029347080271691084
186,0.0,0.002997370669618249,0.03185895457863808,0.9095044136047363,0.002997370669618249
187,0.0,0.0028540659695863724,0.03216342628002167,0.9373166561126709,0.0028540659695863724
188,0.0,0.003025305224582553,0.03231960907578468,0.9323006272315979,0.003025305224582553
189,0.0,0.0029056642670184374,0.03201707825064659,0.9300169348716736,0.0029056642670184374
190,0.0,0.002940607722848654,0.03222033008933067,0.9310876131057739,0.002940607722848654
191,0.0,0.002895934507250786,0.03196209669113159,0.9208669066429138,0.002895934507250786
192,0.0,0.0030180434696376324,0.032066475600004196,0.9274697303771973,0.0030180434696376324
193,0.0,0.002810361562296748,0.03206709399819374,0.9246654510498047,0.002810361562296748
194,0.0,0.002989432541653514,0.03238602355122566,0.9310088753700256,0.002989432541653514
195,0.0,0.0027536675333976746,0.03203375265002251,0.9354104995727539,0.0027536675333976746
196,0.0,0.002926334273070097,0.03131159394979477,0.900464653968811,0.002926334273070097
197,0.0,0.0028058942407369614,0.03235133737325668,0.9330015182495117,0.0028058942407369614
198,0.0,0.0027971279341727495,0.031918153166770935,0.9211182594299316,0.0027971279341727495
199,0.0,0.0029302744660526514,0.03271321579813957,0.9336557388305664,0.0029302744660526514
200,0.0,0.0029758340679109097,0.03177861496806145,0.9111493229866028,0.0029758340679109097
201,0.0,0.002947819884866476,0.03213924169540405,0.9255912899971008,0.002947819884866476
202,0.0,0.002875501988455653,0.03181995823979378,0.9210839867591858,0.002875501988455653
203,0.0,0.0028920327313244343,0.03177470341324806,0.9153527617454529,0.0028920327313244343
204,0.0,0.0030393649358302355,0.03254642337560654,0.9325424432754517,0.0030393649358302355
205,0.0,0.0029393762815743685,0.03193186596035957,0.9139198660850525,0.0029393762815743685
206,0.0,0.002833769889548421,0.03200406953692436,0.9275121688842773,0.002833769889548421
207,0.0,0.002844485454261303,0.03139330446720123,0.9152166843414307,0.002844485454261303
208,0.0,0.002876289188861847,0.03224025294184685,0.9403226971626282,0.002876289188861847
209,0.0,0.0028867649380117655,0.031805504113435745,0.9137915968894958,0.0028867649380117655
210,0.0,0.002848926233127713,0.03203633427619934,0.9237788319587708,0.002848926233127713
211,0.0,0.002881959080696106,0.032533980906009674,0.9347034692764282,0.002881959080696106
212,0.0,0.0029929501470178366,0.03249659761786461,0.9372794032096863,0.0029929501470178366
213,0.0,0.0027957267593592405,0.031735748052597046,0.9154514670372009,0.0027957267593592405
214,0.0,0.0028990793507546186,0.031951889395713806,0.9161194562911987,0.0028990793507546186
215,0.0,0.0029232515953481197,0.032181862741708755,0.9296964406967163,0.0029232515953481197
216,0.0,0.002741197356954217,0.03140870854258537,0.9126473069190979,0.002741197356954217
217,0.0,0.0028568385168910027,0.031801674515008926,0.9178436398506165,0.0028568385168910027
218,0.0,0.0029354991856962442,0.03248518332839012,0.9303122758865356,0.0029354991856962442
219,0.0,0.00281298509798944,0.031885966658592224,0.9297418594360352,0.00281298509798944
220,0.0,0.002780094277113676,0.031014390289783478,0.8945745825767517,0.002780094277113676
221,0.0,0.0028575737960636616,0.03141481429338455,0.9056589603424072,0.0028575737960636616
222,0.0,0.002850565128028393,0.03223772719502449,0.9286087155342102,0.002850565128028393
223,0.0,0.00290742889046669,0.03173700347542763,0.9191068410873413,0.00290742889046669
224,0.0,0.002721945056691766,0.03183085843920708,0.9281823635101318,0.002721945056691766
225,0.0,0.0028127729892730713,0.03168438747525215,0.9127855896949768,0.0028127729892730713
226,0.0,0.0029783935751765966,0.03159001097083092,0.9044338464736938,0.0029783935751765966
227,0.0,0.002720097079873085,0.03149067610502243,0.9123059511184692,0.002720097079873085
228,0.0,0.0029478520154953003,0.03206601366400719,0.9210920929908752,0.0029478520154953003
229,0.0,0.002874866360798478,0.03186715394258499,0.910510778427124,0.002874866360798478
230,0.0,0.0027341903187334538,0.031481336802244186,0.9093571305274963,0.0027341903187334538
231,0.0,0.0028201183304190636,0.031456321477890015,0.9109236001968384,0.0028201183304190636
232,0.0,0.0029068239964544773,0.03142482414841652,0.9051147103309631,0.0029068239964544773
233,0.0,0.002762645250186324,0.031438201665878296,0.9162256717681885,0.002762645250186324
234,0.0,0.002821125090122223,0.03165491670370102,0.9176895618438721,0.002821125090122223
235,0.0,0.0028045023791491985,0.031544603407382965,0.9000890254974365,0.0028045023791491985
236,0.0,0.002822175156325102,0.03125295415520668,0.8958908915519714,0.002822175156325102
237,0.0,0.0027490155771374702,0.031107159331440926,0.8912540078163147,0.0027490155771374702
238,0.0,0.0028636271599680185,0.031149927526712418,0.8979835510253906,0.0028636271599680185
239,0.0,0.0027805014979094267,0.03210154175758362,0.9313047528266907,0.0027805014979094267
240,0.0,0.002820066176354885,0.03113340400159359,0.8847845196723938,0.002820066176354885
241,0.0,0.0028838436119258404,0.031090090051293373,0.8872771859169006,0.0028838436119258404
242,0.0,0.0028424072079360485,0.03199263662099838,0.925520122051239,0.0028424072079360485
243,0.0,0.002919172402471304,0.031916528940200806,0.9149835109710693,0.002919172402471304
244,0.0,0.0027534416876733303,0.03178219497203827,0.9197483658790588,0.0027534416876733303
245,0.0,0.0027419317048043013,0.031814273446798325,0.9106907248497009,0.0027419317048043013
246,0.0,0.0028338967822492123,0.03182247653603554,0.9173740744590759,0.0028338967822492123
247,0.0,0.0029020463116467,0.03149057552218437,0.9082024097442627,0.0029020463116467
248,0.0,0.0029409758280962706,0.0316554456949234,0.9080660939216614,0.0029409758280962706
249,0.0,0.0027898899279534817,0.03220301494002342,0.9364248514175415,0.0027898899279534817
250,0.0,0.0027781398966908455,0.031455062329769135,0.9103082418441772,0.0027781398966908455
251,0.0,0.0028427529614418745,0.03177085891366005,0.918200671672821,0.0028427529614418745
252,0.0,0.0027771038003265858,0.03135141357779503,0.903723955154419,0.0027771038003265858
253,0.0,0.002785344608128071,0.03143029287457466,0.9063145518302917,0.002785344608128071
254,0.0,0.0029089769814163446,0.03159402310848236,0.9044957160949707,0.0029089769814163446
255,0.0,0.002847610507160425,0.03126177564263344,0.9019283652305603,0.002847610507160425
256,0.0,0.002914076903834939,0.03159457445144653,0.9049084186553955,0.002914076903834939
257,0.0,0.00282209157012403,0.031438104808330536,0.902477502822876,0.00282209157012403
258,0.0,0.0027973391115665436,0.03163374960422516,0.9118824601173401,0.0027973391115665436
259,0.0,0.0029495288617908955,0.03120265156030655,0.8880027532577515,0.0029495288617908955
260,0.0,0.0028462184127420187,0.031204506754875183,0.893824577331543,0.0028462184127420187
261,0.0,0.00277154054492712,0.031245021149516106,0.8956364989280701,0.00277154054492712
262,0.0,0.0028052779380232096,0.031489238142967224,0.909373939037323,0.0028052779380232096
263,0.0,0.002878232393413782,0.03145778551697731,0.9037911295890808,0.002878232393413782
264,0.0,0.0028737657703459263,0.030910229310393333,0.8880821466445923,0.0028737657703459263
265,0.0,0.0028046206571161747,0.030649321153759956,0.8781333565711975,0.0028046206571161747
266,0.0,0.0027692303992807865,0.03156827390193939,0.9109465479850769,0.0027692303992807865
267,0.0,0.0028725238516926765,0.03128298372030258,0.8947035670280457,0.0028725238516926765
268,0.0,0.002931550145149231,0.03099161759018898,0.884361743927002,0.002931550145149231
269,0.0,0.00271452940069139,0.031348101794719696,0.8972300291061401,0.00271452940069139
270,0.0,0.002816479653120041,0.030968639999628067,0.8904721736907959,0.002816479653120041
271,0.0,0.0028202023822814226,0.031206512823700905,0.894766628742218,0.0028202023822814226
272,0.0,0.0027546826750040054,0.031346384435892105,0.9036979675292969,0.0027546826750040054
273,0.0,0.0027669272385537624,0.030712826177477837,0.8904465436935425,0.0027669272385537624
274,0.0,0.002793653169646859,0.03126870095729828,0.898819625377655,0.002793653169646859
275,0.0,0.0028149313293397427,0.03127745911478996,0.8989976048469543,0.0028149313293397427
276,0.0,0.0028938616160303354,0.0314081646502018,0.8990985155105591,0.0028938616160303354
277,0.0,0.0026542337145656347,0.031140262261033058,0.9082074165344238,0.0026542337145656347
278,0.0,0.0026893410831689835,0.030147576704621315,0.8731048107147217,0.0026893410831689835
279,0.0,0.0027826386503875256,0.031089220196008682,0.8844463229179382,0.0027826386503875256
280,0.0,0.0027885267045348883,0.031226757913827896,0.8976723551750183,0.0027885267045348883
281,0.0,0.0027435931842774153,0.031467121094465256,0.9025843143463135,0.0027435931842774153
282,0.0,0.0027179408352822065,0.031104058027267456,0.905407726764679,0.0027179408352822065
283,0.0,0.002659992780536413,0.03100324235856533,0.8992089033126831,0.002659992780536413
284,0.0,0.002796722576022148,0.03103613294661045,0.8939558863639832,0.002796722576022148
285,0.0,0.00270414212718606,0.031026359647512436,0.8986945152282715,0.00270414212718606
286,0.0,0.0026762087363749743,0.031204916536808014,0.9046908020973206,0.0026762087363749743
287,0.0,0.0027828686870634556,0.030586417764425278,0.8831505179405212,0.0027828686870634556
288,0.0,0.0027765941340476274,0.03129199147224426,0.9033166766166687,0.0027765941340476274
289,0.0,0.002878224942833185,0.030952438712120056,0.8869929313659668,0.002878224942833185
290,0.0,0.002738366834819317,0.03136542811989784,0.9030141830444336,0.002738366834819317
291,0.0,0.0027915153186768293,0.03107547201216221,0.8931185007095337,0.0027915153186768293
292,0.0,0.0027666366659104824,0.031272511929273605,0.9019712805747986,0.0027666366659104824
293,0.0,0.0026979148387908936,0.030359184369444847,0.8663909435272217,0.0026979148387908936
294,0.0,0.0028520827181637287,0.030553698539733887,0.8733835220336914,0.0028520827181637287
295,0.0,0.002784032840281725,0.030631333589553833,0.8751251697540283,0.002784032840281725
296,0.0,0.002781478688120842,0.03126794844865799,0.9076570868492126,0.002781478688120842
297,0.0,0.002801104448735714,0.030796274542808533,0.8794229626655579,0.002801104448735714
298,0.0,0.0027142399922013283,0.030557487159967422,0.8758278489112854,0.0027142399922013283
299,0.0,0.002657834440469742,0.031102702021598816,0.8965922594070435,0.002657834440469742
300,0.0,0.0027822598349303007,0.031321048736572266,0.9025780558586121,0.0027822598349303007
301,0.0,0.002768473466858268,0.031046312302350998,0.8930755853652954,0.002768473466858268
302,0.0,0.0027845418080687523,0.030674858018755913,0.8761916756629944,0.0027845418080687523
303,0.0,0.0026694713160395622,0.03094784915447235,0.8958896994590759,0.0026694713160395622
304,0.0,0.0027508719358593225,0.03074626252055168,0.8853657245635986,0.0027508719358593225
305,0.0,0.0027306878473609686,0.03118814341723919,0.8954100608825684,0.0027306878473609686
306,0.0,0.0028659699019044638,0.03062209114432335,0.867145299911499,0.0028659699019044638
307,0.0,0.0027419147081673145,0.030351806432008743,0.8755689859390259,0.0027419147081673145
308,0.0,0.0028489790856838226,0.031117072328925133,0.8940421938896179,0.0028489790856838226
309,0.0,0.0028676576912403107,0.030705856159329414,0.8732005953788757,0.0028676576912403107
310,0.0,0.0027212530840188265,0.030617905780673027,0.8845507502555847,0.0027212530840188265
311,0.0,0.0027673994190990925,0.030750807374715805,0.875461220741272,0.0027673994190990925
312,0.0,0.0027489096391946077,0.03064107522368431,0.8855547904968262,0.0027489096391946077
313,0.0,0.002725781174376607,0.031131144613027573,0.8855441808700562,0.002725781174376607
314,0.0,0.002697643358260393,0.03058842569589615,0.8755753636360168,0.002697643358260393
315,0.0,0.0025900814216583967,0.030828295275568962,0.8926449418067932,0.0025900814216583967
316,0.0,0.00267969467677176,0.030663682147860527,0.883812665939331,0.00267969467677176
317,0.0,0.002748513361439109,0.030463585630059242,0.8761929869651794,0.002748513361439109
318,0.0,0.002790538826957345,0.03027721680700779,0.8542730212211609,0.002790538826957345
319,0.0,0.0026813552249222994,0.030544642359018326,0.8812053799629211,0.0026813552249222994
320,0.0,0.0026341439224779606,0.02982443943619728,0.8576841354370117,0.0026341439224779606
321,0.0,0.0027252219151705503,0.030376281589269638,0.8696213364601135,0.0027252219151705503
322,0.0,0.0027534423861652613,0.03085976094007492,0.8885626792907715,0.0027534423861652613
323,0.0,0.002717253752052784,0.03021347150206566,0.86346435546875,0.002717253752052784
324,0.0,0.0027611199766397476,0.029787372797727585,0.8550682067871094,0.0027611199766397476
325,0.0,0.0028137806802988052,0.029504550620913506,0.8424703478813171,0.0028137806802988052
326,0.0,0.00278732948936522,0.030158136039972305,0.8639573454856873,0.00278732948936522
327,0.0,0.0027446281164884567,0.030158674344420433,0.8604135513305664,0.0027446281164884567
328,0.0,0.0026798297185450792,0.03045421466231346,0.8723947405815125,0.0026798297185450792
329,0.0,0.0027039540000259876,0.030153470113873482,0.8576280474662781,0.0027039540000259876
330,0.0,0.0027395060751587152,0.030619820579886436,0.8830313086509705,0.0027395060751587152
331,0.0,0.0027097396086901426,0.030348671600222588,0.8650944232940674,0.0027097396086901426
332,0.0,0.002707540290430188,0.030530089512467384,0.8812558054924011,0.002707540290430188
333,0.0,0.002766376594081521,0.030406607314944267,0.8716577291488647,0.002766376594081521
334,0.0,0.002615725388750434,0.030530167743563652,0.8818756341934204,0.002615725388750434
335,0.0,0.0027929022908210754,0.03078366257250309,0.8839269876480103,0.0027929022908210754
336,0.0,0.0027263122610747814,0.030449815094470978,0.8661289215087891,0.0027263122610747814
337,0.0,0.0027559094596654177,0.03058660216629505,0.8767259120941162,0.0027559094596654177
338,0.0,0.0026514162309467793,0.030197126790881157,0.8761885166168213,0.0026514162309467793
339,0.0,0.0027077714912593365,0.030215227976441383,0.8734471797943115,0.0027077714912593365
340,0.0,0.0027488400228321552,0.03101903386414051,0.8909409046173096,0.0027488400228321552
341,0.0,0.0027305828407406807,0.03008841536939144,0.8635061979293823,0.0027305828407406807
342,0.0,0.002703077159821987,0.029689036309719086,0.8471531271934509,0.002703077159821987
343,0.0,0.0026740063913166523,0.029686156660318375,0.8480145931243896,0.0026740063913166523
344,0.0,0.0027452148497104645,0.03077436052262783,0.8795062899589539,0.0027452148497104645
345,0.0,0.002623145468533039,0.030007340013980865,0.8597217798233032,0.002623145468533039
346,0.0,0.0025866872165352106,0.02979107014834881,0.8576359748840332,0.0025866872165352106
347,0.0,0.002678326331079006,0.030736181885004044,0.8872743248939514,0.002678326331079006
348,0.0,0.0026584365405142307,0.029880255460739136,0.8624680042266846,0.0026584365405142307
349,0.0,0.0026462404057383537,0.029791513457894325,0.8516051173210144,0.0026462404057383537
350,0.0,0.002722440054640174,0.0298486165702343,0.8529013991355896,0.002722440054640174
351,0.0,0.0026637401897460222,0.03043038211762905,0.8750630021095276,0.0026637401897460222
352,0.0,0.0027033539954572916,0.030045874416828156,0.8587958216667175,0.0027033539954572916
353,0.0,0.002713416237384081,0.03030812181532383,0.8577736616134644,0.002713416237384081
354,0.0,0.002698236843571067,0.03049207292497158,0.878569483757019,0.002698236843571067
355,0.0,0.0026991472113877535,0.03042750060558319,0.8710070252418518,0.0026991472113877535
356,0.0,0.002666438464075327,0.030198002234101295,0.8652114272117615,0.002666438464075327
357,0.0,0.0026886621490120888,0.029826438054442406,0.8464511632919312,0.0026886621490120888
358,0.0,0.002629753202199936,0.03050805814564228,0.8743813037872314,0.002629753202199936
359,0.0,0.0026629669591784477,0.030196279287338257,0.8832338452339172,0.0026629669591784477
360,0.0,0.002656699391081929,0.030148768797516823,0.8702328205108643,0.002656699391081929
361,0.0,0.002726115519180894,0.03019884042441845,0.8625400066375732,0.002726115519180894
362,0.0,0.0026627269107848406,0.030218850821256638,0.8678737282752991,0.0026627269107848406
363,0.0,0.0027336685452610254,0.030095810070633888,0.858486533164978,0.0027336685452610254
364,0.0,0.0026798630133271217,0.030692128464579582,0.8869466781616211,0.0026798630133271217
365,0.0,0.0028108132537454367,0.02981049194931984,0.8468574285507202,0.0028108132537454367
366,0.0,0.0026787370443344116,0.030149545520544052,0.8595117926597595,0.0026787370443344116
367,0.0,0.002668204251676798,0.030407847836613655,0.8730060458183289,0.002668204251676798
368,0.0,0.002660313853994012,0.030484730377793312,0.8734728097915649,0.002660313853994012
369,0.0,0.0026003026869148016,0.029978565871715546,0.8593285083770752,0.0026003026869148016
370,0.0,0.002714425791054964,0.030293645337224007,0.8669442534446716,0.002714425791054964
371,0.0,0.0026401998475193977,0.029710885137319565,0.8443397283554077,0.0026401998475193977
372,0.0,0.002635037060827017,0.03001517988741398,0.8543487191200256,0.002635037060827017
373,0.0,0.0027279499918222427,0.029732966795563698,0.8569667935371399,0.0027279499918222427
374,0.0,0.0026035169139504433,0.030387364327907562,0.8787593841552734,0.0026035169139504433
375,0.0,0.0026288279332220554,0.02944238670170307,0.8432040810585022,0.0026288279332220554
376,0.0,0.002640313934534788,0.02962544746696949,0.8431152105331421,0.002640313934534788
377,0.0,0.002677719108760357,0.02997255139052868,0.8568850755691528,0.002677719108760357
378,0.0,0.0027052261866629124,0.029967835173010826,0.8541803359985352,0.0027052261866629124
379,0.0,0.0027003949508070946,0.03021351993083954,0.8608071208000183,0.0027003949508070946
380,0.0,0.0026266910135746002,0.030284574255347252,0.8639366030693054,0.0026266910135746002
381,0.0,0.002688243519514799,0.030762381851673126,0.8776430487632751,0.002688243519514799
382,0.0,0.0027184435166418552,0.030122162774205208,0.8601837158203125,0.0027184435166418552
383,0.0,0.0025937692262232304,0.03060387633740902,0.8784432411193848,0.0025937692262232304
384,0.0,0.0026256314013153315,0.02974877692759037,0.8450671434402466,0.0026256314013153315
385,0.0,0.002721883822232485,0.030201522633433342,0.8576045632362366,0.002721883822232485
386,0.0,0.002686262596398592,0.03041044808924198,0.8658424615859985,0.002686262596398592
387,0.0,0.002671756548807025,0.029546182602643967,0.834712028503418,0.002671756548807025
388,0.0,0.0025818999856710434,0.030448976904153824,0.8709867000579834,0.0025818999856710434
389,0.0,0.0025960339698940516,0.03045531176030636,0.8783664703369141,0.0025960339698940516
390,0.0,0.0026951446197927,0.029872916638851166,0.8482221961021423,0.0026951446197927
391,0.0,0.0026491223834455013,0.030239013954997063,0.8703590631484985,0.0026491223834455013
392,0.0,0.00259551708586514,0.029713984578847885,0.8489370942115784,0.00259551708586514
393,0.0,0.0026643031742423773,0.0303154569119215,0.870599627494812,0.0026643031742423773
394,0.0,0.002736903727054596,0.030251765623688698,0.8633564114570618,0.002736903727054596
395,0.0,0.002709983615204692,0.029989806935191154,0.8516564965248108,0.002709983615204692
396,0.0,0.0026630789507180452,0.029590103775262833,0.8473319411277771,0.0026630789507180452
397,0.0,0.0028834554832428694,0.030516890808939934,0.8662627935409546,0.0028834554832428694
398,0.0,0.002670055255293846,0.02963610738515854,0.8362980484962463,0.002670055255293846
399,0.0,0.0027273595333099365,0.030146408826112747,0.8550453186035156,0.0027273595333099365
400,0.0,0.002733263187110424,0.030099792405962944,0.8573919534683228,0.002733263187110424
401,0.0,0.002664427738636732,0.029867900535464287,0.855091392993927,0.002664427738636732
402,0.0,0.00260986783541739,0.029580911621451378,0.845154881477356,0.00260986783541739
403,0.0,0.002671403344720602,0.02972392365336418,0.8487972617149353,0.002671403344720602
404,0.0,0.00270337937399745,0.030284062027931213,0.8574906587600708,0.00270337937399745
405,0.0,0.002674900460988283,0.029148712754249573,0.8261633515357971,0.002674900460988283
406,0.0,0.0026036936324089766,0.029943490400910378,0.8598511219024658,0.0026036936324089766
407,0.0,0.002664030995219946,0.03043435886502266,0.869316577911377,0.002664030995219946
408,0.0,0.0025224974378943443,0.0294791329652071,0.8426434397697449,0.0025224974378943443
409,0.0,0.0026113365311175585,0.029667789116501808,0.8503949642181396,0.0026113365311175585
410,0.0,0.0026615511160343885,0.029094273224473,0.8299207091331482,0.0026615511160343885
411,0.0,0.002601566258817911,0.029335226863622665,0.8377711772918701,0.002601566258817911
412,0.0,0.0026268870569765568,0.029859021306037903,0.8531041145324707,0.0026268870569765568
413,0.0,0.0026983441784977913,0.02984917163848877,0.8446986079216003,0.0026983441784977913
414,0.0,0.002608197508379817,0.029878968372941017,0.8547555804252625,0.002608197508379817
415,0.0,0.002731508808210492,0.02978212758898735,0.84913569688797,0.002731508808210492
416,0.0,0.0025792878586798906,0.029221296310424805,0.8361155986785889,0.0025792878586798906
417,0.0,0.0026944009587168694,0.029858430847525597,0.847781240940094,0.0026944009587168694
418,0.0,0.0026773123536258936,0.030490176752209663,0.8692954182624817,0.0026773123536258936
419,0.0,0.0027377111837267876,0.030016515403985977,0.8529689908027649,0.0027377111837267876
420,0.0,0.0026245019398629665,0.02971087023615837,0.8516202569007874,0.0026245019398629665
421,0.0,0.0027008845936506987,0.03018985688686371,0.8604077696800232,0.0027008845936506987
422,0.0,0.002642763312906027,0.029115108773112297,0.8311943411827087,0.002642763312906027
423,0.0,0.002630980685353279,0.029968300834298134,0.8596332669258118,0.002630980685353279
424,0.0,0.0025916309095919132,0.03011205978691578,0.8596140742301941,0.0025916309095919132
425,0.0,0.0027338319923728704,0.02998526766896248,0.8537328839302063,0.0027338319923728704
426,0.0,0.002612780313938856,0.029733778908848763,0.853545069694519,0.002612780313938856
427,0.0,0.0026730019599199295,0.029919032007455826,0.8590455055236816,0.0026730019599199295
428,0.0,0.002611239207908511,0.030220890417695045,0.8703399300575256,0.002611239207908511
429,0.0,0.002643570303916931,0.030149508267641068,0.866855800151825,0.002643570303916931
430,0.0,0.0026006530970335007,0.02987096458673477,0.8475370407104492,0.0026006530970335007
431,0.0,0.0026121758855879307,0.029368557035923004,0.8392642140388489,0.0026121758855879307
432,0.0,0.002697853371500969,0.029780471697449684,0.8434401750564575,0.002697853371500969
433,0.0,0.0025948495604097843,0.029672957956790924,0.8554383516311646,0.0025948495604097843
434,0.0,0.0026475570630282164,0.02950894832611084,0.8387451767921448,0.0026475570630282164
435,0.0,0.0025824592448771,0.029653917998075485,0.853299081325531,0.0025824592448771
436,0.0,0.0027219729963690042,0.029618844389915466,0.8422592878341675,0.0027219729963690042
437,0.0,0.00265796878375113,0.02927730418741703,0.8387700915336609,0.00265796878375113
438,0.0,0.0026458557695150375,0.02995162270963192,0.8599573373794556,0.0026458557695150375
439,0.0,0.0026710745878517628,0.029691016301512718,0.8443114161491394,0.0026710745878517628
440,0.0,0.002641226164996624,0.030012676492333412,0.8583908081054688,0.002641226164996624
441,0.0,0.0025462121702730656,0.02929992787539959,0.8357468247413635,0.0025462121702730656
442,0.0,0.0026343008503317833,0.029796570539474487,0.8486403226852417,0.0026343008503317833
443,0.0,0.00265395431779325,0.029586488381028175,0.8439468741416931,0.00265395431779325
444,0.0,0.0026009452994912863,0.02986975759267807,0.8581173419952393,0.0026009452994912863
445,0.0,0.0025875410065054893,0.029207011684775352,0.836401641368866,0.0025875410065054893
446,0.0,0.002803865121677518,0.029532557353377342,0.8372505903244019,0.002803865121677518
447,0.0,0.002655466552823782,0.029604541137814522,0.838381826877594,0.002655466552823782
448,0.0,0.002597478684037924,0.02969052456319332,0.8429906964302063,0.002597478684037924
449,0.0,0.0025798752903938293,0.029145346954464912,0.8370482921600342,0.0025798752903938293
450,0.0,0.002679843222722411,0.029315434396266937,0.8356455564498901,0.002679843222722411
451,0.0,0.0026089989114552736,0.029942944645881653,0.8536601066589355,0.0026089989114552736
452,0.0,0.0026990592014044523,0.029767083004117012,0.8439682126045227,0.0026990592014044523
453,0.0,0.0026255357079207897,0.02989153377711773,0.8595812916755676,0.0026255357079207897
454,0.0,0.0025837344583123922,0.029246672987937927,0.8313946723937988,0.0025837344583123922
455,0.0,0.00258713704533875,0.030024901032447815,0.8561081886291504,0.00258713704533875
456,0.0,0.0026714459527283907,0.029490873217582703,0.8430964946746826,0.0026714459527283907
457,0.0,0.002661970676854253,0.029629038646817207,0.8428028225898743,0.002661970676854253
458,0.0,0.0026106766890734434,0.03017849288880825,0.864448070526123,0.0026106766890734434
459,0.0,0.0026931685861200094,0.02967771515250206,0.8460147380828857,0.0026931685861200094
460,0.0,0.0026198106352239847,0.02957884781062603,0.8387962579727173,0.0026198106352239847
461,0.0,0.0025964274536818266,0.029574338346719742,0.8389215469360352,0.0025964274536818266
462,0.0,0.0025997902266681194,0.029550055041909218,0.8390164375305176,0.0025997902266681194
463,0.0,0.002650451846420765,0.02930225245654583,0.835539698600769,0.002650451846420765
464,0.0,0.0026395891327410936,0.02961818501353264,0.8477767705917358,0.0026395891327410936
465,0.0,0.002639779122546315,0.029488572850823402,0.8427048921585083,0.002639779122546315
466,0.0,0.002651751972734928,0.02921869605779648,0.8307270407676697,0.002651751972734928
467,0.0,0.0026628191117197275,0.0297238826751709,0.8542004823684692,0.0026628191117197275
468,0.0,0.002631171839311719,0.029345527291297913,0.8313849568367004,0.002631171839311719
469,0.0,0.0025757437106221914,0.029069310054183006,0.8263967037200928,0.0025757437106221914
470,0.0,0.0025369671639055014,0.029082786291837692,0.8367434740066528,0.0025369671639055014
471,0.0,0.00263413623906672,0.029082393273711205,0.8319405913352966,0.00263413623906672
472,0.0,0.002579874824732542,0.02925955131649971,0.8354237675666809,0.002579874824732542
473,0.0,0.0026239068247377872,0.029046570882201195,0.8275264501571655,0.0026239068247377872
474,0.0,0.0026073085609823465,0.029483169317245483,0.848360002040863,0.0026073085609823465
475,0.0,0.0025852129328995943,0.029797900468111038,0.851069986820221,0.0025852129328995943
476,0.0,0.0025293936487287283,0.029298046603798866,0.8395629525184631,0.0025293936487287283
477,0.0,0.0026028291322290897,0.0292168240994215,0.8297855257987976,0.0026028291322290897
478,0.0,0.0026661399751901627,0.0300910547375679,0.8534011840820312,0.0026661399751901627
479,0.0,0.0025501661002635956,0.029208866879343987,0.8286112546920776,0.0025501661002635956
480,0.0,0.0026245068293064833,0.029586754739284515,0.837591290473938,0.0026245068293064833
481,0.0,0.002510019112378359,0.02973363734781742,0.8510597348213196,0.002510019112378359
482,0.0,0.002674028044566512,0.029114769771695137,0.827096700668335,0.002674028044566512
483,0.0,0.002566479379311204,0.029599234461784363,0.8569710850715637,0.002566479379311204
484,0.0,0.0025379061698913574,0.02921772561967373,0.831208348274231,0.0025379061698913574
485,0.0,0.0025209374725818634,0.028593653813004494,0.8121749758720398,0.0025209374725818634
486,0.0,0.002600564854219556,0.029239632189273834,0.8299378752708435,0.002600564854219556
487,0.0,0.0025390766095370054,0.02948683500289917,0.8447496891021729,0.0025390766095370054
488,0.0,0.0026005005929619074,0.029085062444210052,0.8263040781021118,0.0026005005929619074
489,0.0,0.002568311057984829,0.02880461886525154,0.820132315158844,0.002568311057984829
490,0.0,0.0026146406307816505,0.02909555472433567,0.8344507217407227,0.0026146406307816505
491,0.0,0.0025859782472252846,0.028976131230592728,0.8317155241966248,0.0025859782472252846
492,0.0,0.002563473070040345,0.029619917273521423,0.8404263854026794,0.002563473070040345
493,0.0,0.0026981793344020844,0.02911415509879589,0.810682475566864,0.0026981793344020844
494,0.0,0.0026407053228467703,0.029034672304987907,0.8294494152069092,0.0026407053228467703
495,0.0,0.0026709556113928556,0.02938380092382431,0.8364678025245667,0.0026709556113928556
496,0.0,0.002577514387667179,0.02919529192149639,0.8342207074165344,0.002577514387667179
497,0.0,0.0026573031209409237,0.029174812138080597,0.8275858163833618,0.0026573031209409237
498,0.0,0.0025208196602761745,0.028766166418790817,0.8156326413154602,0.0025208196602761745
499,0.0,0.002542363479733467,0.02939857542514801,0.8373634219169617,0.002542363479733467
500,0.0,0.002643018262460828,0.02935888059437275,0.8303261399269104,0.002643018262460828
501,0.0,0.002529736841097474,0.029427049681544304,0.8402183055877686,0.002529736841097474
502,0.0,0.0026825680397450924,0.0289190374314785,0.8289020657539368,0.0026825680397450924
503,0.0,0.0025671948678791523,0.029194055125117302,0.8283264636993408,0.0025671948678791523
504,0.0,0.0026423141825944185,0.029442287981510162,0.8341323137283325,0.0026423141825944185
505,0.0,0.0024897882249206305,0.02935166284441948,0.8378433585166931,0.0024897882249206305
506,0.0,0.0025580390356481075,0.02921907790005207,0.8317659497261047,0.0025580390356481075
507,0.0,0.002616289770230651,0.028942732140421867,0.8298220634460449,0.002616289770230651
508,0.0,0.002561869565397501,0.02878545969724655,0.8246219158172607,0.002561869565397501
509,0.0,0.0025116223841905594,0.029262471944093704,0.8364343047142029,0.0025116223841905594
510,0.0,0.0026547135785222054,0.02881770394742489,0.8158167004585266,0.0026547135785222054
511,0.0,0.0025982139632105827,0.029016371816396713,0.8236929774284363,0.0025982139632105827
512,0.0,0.0024923142045736313,0.0290313009172678,0.8352659940719604,0.0024923142045736313
513,0.0,0.0027087226044386625,0.029025321826338768,0.8270401358604431,0.0027087226044386625
514,0.0,0.002642848528921604,0.02896699123084545,0.8233910799026489,0.002642848528921604
515,0.0,0.0027299681678414345,0.029001766815781593,0.8173841238021851,0.0027299681678414345
516,0.0,0.0026293511036783457,0.029247531667351723,0.8209328055381775,0.0026293511036783457
517,0.0,0.0025835412088781595,0.02897363342344761,0.8303084969520569,0.0025835412088781595
518,0.0,0.002551070647314191,0.029283571988344193,0.8332231044769287,0.002551070647314191
519,0.0,0.0025960938073694706,0.029215315356850624,0.8305590152740479,0.0025960938073694706
520,0.0,0.0025298872496932745,0.029079491272568703,0.8328282833099365,0.0025298872496932745
521,0.0,0.0026003760285675526,0.029096921905875206,0.8310555219650269,0.0026003760285675526
522,0.0,0.0025818883441388607,0.029700469225645065,0.8522590398788452,0.0025818883441388607
523,0.0,0.002515953965485096,0.028574351221323013,0.8126958012580872,0.002515953965485096
524,0.0,0.002572698285803199,0.029165279120206833,0.8253318071365356,0.002572698285803199
525,0.0,0.002624946879222989,0.029151353985071182,0.8326369524002075,0.002624946879222989
526,0.0,0.002573790494352579,0.02898521162569523,0.8247516751289368,0.002573790494352579
527,0.0,0.002611053641885519,0.029106505215168,0.828985869884491,0.002611053641885519
528,0.0,0.0025996603071689606,0.02882605418562889,0.8146904706954956,0.0025996603071689606
529,0.0,0.0025812762323766947,0.028509631752967834,0.8134093284606934,0.0025812762323766947
530,0.0,0.0025484543293714523,0.028483828529715538,0.8145579695701599,0.0025484543293714523
531,0.0,0.0024952273815870285,0.029413089156150818,0.839728057384491,0.0024952273815870285
532,0.0,0.002512932987883687,0.028859231621026993,0.8267273902893066,0.002512932987883687
533,0.0,0.002508766483515501,0.02892152965068817,0.825954794883728,0.002508766483515501
534,0.0,0.00252501480281353,0.029253818094730377,0.8405981659889221,0.00252501480281353
535,0.0,0.002532082377001643,0.028482859954237938,0.8146900534629822,0.002532082377001643
536,0.0,0.0025284807197749615,0.028941841796040535,0.8248655796051025,0.0025284807197749615
537,0.0,0.0025632898323237896,0.02905987575650215,0.8344012498855591,0.0025632898323237896
538,0.0,0.002444777637720108,0.029223790392279625,0.8437110781669617,0.002444777637720108
539,0.0,0.0026132704224437475,0.028680263087153435,0.8126022219657898,0.0026132704224437475
540,0.0,0.002535846782848239,0.029073668643832207,0.8267102837562561,0.002535846782848239
541,0.0,0.002504780888557434,0.02931726537644863,0.8375113010406494,0.002504780888557434
542,0.0,0.0025762540753930807,0.0287021491676569,0.814064621925354,0.0025762540753930807
543,0.0,0.0025430636014789343,0.028887081891298294,0.825048565864563,0.0025430636014789343
544,0.0,0.0025331475771963596,0.029328573495149612,0.8395058512687683,0.0025331475771963596
545,0.0,0.0025464447680860758,0.028437228873372078,0.7976036071777344,0.0025464447680860758
546,0.0,0.0025970330461859703,0.028989320620894432,0.8223986029624939,0.0025970330461859703
547,0.0,0.002665521577000618,0.029371503740549088,0.8291614055633545,0.002665521577000618
548,0.0,0.002538106171414256,0.029007134959101677,0.8235021233558655,0.002538106171414256
549,0.0,0.0026056854985654354,0.028670599684119225,0.8203551769256592,0.0026056854985654354
550,0.0,0.0025201926473528147,0.02937171794474125,0.838917076587677,0.0025201926473528147
551,0.0,0.002543424954637885,0.02860189974308014,0.8123732209205627,0.002543424954637885
552,0.0,0.0025105378590524197,0.029651444405317307,0.8501172661781311,0.0025105378590524197
553,0.0,0.0025662074331194162,0.028749551624059677,0.8205724954605103,0.0025662074331194162
554,0.0,0.0024947160854935646,0.02899754047393799,0.8281789422035217,0.0024947160854935646
555,0.0,0.0025646034628152847,0.02877090312540531,0.8259443640708923,0.0025646034628152847
556,0.0,0.002498624147847295,0.02957560122013092,0.8390502333641052,0.002498624147847295
557,0.0,0.0026233491953462362,0.028865201398730278,0.8150716423988342,0.0026233491953462362
558,0.0,0.002572733676061034,0.02963637001812458,0.8459154963493347,0.002572733676061034
559,0.0,0.0025782028678804636,0.028896484524011612,0.8153178691864014,0.0025782028678804636
560,0.0,0.0026000463403761387,0.028976401314139366,0.821247398853302,0.0026000463403761387
561,0.0,0.002598102204501629,0.029006008058786392,0.8193475008010864,0.002598102204501629
562,0.0,0.002627704059705138,0.029328910633921623,0.8357236385345459,0.002627704059705138
563,0.0,0.002547007519751787,0.02885006181895733,0.8215394020080566,0.002547007519751787
564,0.0,0.0026267636567354202,0.028352471068501472,0.8046280741691589,0.0026267636567354202
565,0.0,0.0024706751573830843,0.029096396639943123,0.8202084898948669,0.0024706751573830843
566,0.0,0.002567230723798275,0.029037797823548317,0.8206707239151001,0.002567230723798275
567,0.0,0.002619433216750622,0.028457723557949066,0.8087069988250732,0.002619433216750622
568,0.0,0.002552364720031619,0.028754809871315956,0.8211705684661865,0.002552364720031619
569,0.0,0.0025393464602530003,0.028743954375386238,0.811462938785553,0.0025393464602530003
570,0.0,0.0025765367317944765,0.029131019487977028,0.8244157433509827,0.0025765367317944765
571,0.0,0.002588978037238121,0.028764192014932632,0.8135040402412415,0.002588978037238121
572,0.0,0.0025090689305216074,0.028625478968024254,0.8211560845375061,0.0025090689305216074
573,0.0,0.002579498803243041,0.028423884883522987,0.805213212966919,0.002579498803243041
574,0.0,0.002537689171731472,0.028997374698519707,0.8258909583091736,0.002537689171731472
575,0.0,0.0026291299145668745,0.028946256265044212,0.8174589276313782,0.0026291299145668745
576,0.0,0.002493466017767787,0.028483863919973373,0.8069981336593628,0.002493466017767787
577,0.0,0.0024249758571386337,0.028947066515684128,0.833033561706543,0.0024249758571386337
578,0.0,0.002575522055849433,0.028646841645240784,0.8066582679748535,0.002575522055849433
579,0.0,0.0025298334658145905,0.028741467744112015,0.8226982355117798,0.0025298334658145905
580,0.0,0.0024002494756132364,0.02863423340022564,0.8201419711112976,0.0024002494756132364
581,0.0,0.0025774550158530474,0.029401926323771477,0.8306195735931396,0.0025774550158530474
582,0.0,0.002593487733975053,0.028659209609031677,0.8154875040054321,0.002593487733975053
583,0.0,0.002493595238775015,0.028538992628455162,0.8091207146644592,0.002493595238775015
584,0.0,0.002535826526582241,0.028778960928320885,0.8180891275405884,0.002535826526582241
585,0.0,0.0024522694293409586,0.02885720320045948,0.8244990706443787,0.0024522694293409586
586,0.0,0.0025523011572659016,0.028907891362905502,0.8232866525650024,0.0025523011572659016
587,0.0,0.002558564068749547,0.0288971196860075,0.8211110830307007,0.002558564068749547
588,0.0,0.0024774058256298304,0.028466738760471344,0.8081814050674438,0.0024774058256298304
589,0.0,0.002603602595627308,0.028649503365159035,0.8140602111816406,0.002603602595627308
590,0.0,0.002504528732970357,0.028463859111070633,0.8042124509811401,0.002504528732970357
591,0.0,0.002556677907705307,0.028499778360128403,0.8027555346488953,0.002556677907705307
592,0.0,0.0024807562585920095,0.028598885983228683,0.8155713677406311,0.0024807562585920095
593,0.0,0.002465815981850028,0.029154861345887184,0.8350384831428528,0.002465815981850028
594,0.0,0.002501504262909293,0.028940368443727493,0.8321627974510193,0.002501504262909293
595,0.0,0.0025998412165790796,0.028894968330860138,0.8215363025665283,0.0025998412165790796
596,0.0,0.002586556598544121,0.028658609837293625,0.817203164100647,0.002586556598544121
597,0.0,0.00248733744956553,0.029597772285342216,0.840294599533081,0.00248733744956553
598,0.0,0.0024936888366937637,0.028695063665509224,0.8136044144630432,0.0024936888366937637
599,0.0,0.0025163472164422274,0.02877950295805931,0.812427818775177,0.0025163472164422274
600,0.0,0.0025097487960010767,0.02886662818491459,0.8272873759269714,0.0025097487960010767
601,0.0,0.0025374433025717735,0.02860414795577526,0.8082960844039917,0.0025374433025717735
602,0.0,0.0025595228653401136,0.028570014983415604,0.8088951110839844,0.0025595228653401136
603,0.0,0.0025689303874969482,0.028265397995710373,0.8068687319755554,0.0025689303874969482
604,0.0,0.002524217125028372,0.02840236946940422,0.8040057420730591,0.002524217125028372
605,0.0,0.0025051627308130264,0.028601186349987984,0.8117186427116394,0.0025051627308130264
606,0.0,0.002590980613604188,0.02860403247177601,0.8086103796958923,0.002590980613604188
607,0.0,0.002479442860931158,0.02885417453944683,0.8217056393623352,0.002479442860931158
608,0.0,0.002566919196397066,0.02876720204949379,0.8127446174621582,0.002566919196397066
609,0.0,0.0025686684530228376,0.028513845056295395,0.8060031533241272,0.0025686684530228376
610,0.0,0.0024566641077399254,0.027675753459334373,0.7899795770645142,0.0024566641077399254
611,0.0,0.0025067965034395456,0.028513876721262932,0.808434247970581,0.0025067965034395456
612,0.0,0.0025776627007871866,0.028982531279325485,0.8193564414978027,0.0025776627007871866
613,0.0,0.0025118738412857056,0.02839425951242447,0.8059995174407959,0.0025118738412857056
614,0.0,0.00250313151627779,0.028973428532481194,0.8263987898826599,0.00250313151627779
615,0.0,0.002457251539453864,0.028308209031820297,0.8053152561187744,0.002457251539453864
616,0.0,0.0025473516434431076,0.028649548068642616,0.8180232048034668,0.0025473516434431076
617,0.0,0.0024800568353384733,0.02885534055531025,0.8246939182281494,0.0024800568353384733
618,0.0,0.0025183428078889847,0.028146347030997276,0.8003726005554199,0.0025183428078889847
619,0.0,0.002498737070709467,0.028592415153980255,0.8106635212898254,0.002498737070709467
620,0.0,0.0024876375682651997,0.02834438532590866,0.8029154539108276,0.0024876375682651997
621,0.0,0.002575966762378812,0.028799232095479965,0.8178269863128662,0.002575966762378812
622,0.0,0.00244122208096087,0.02866356074810028,0.8132131695747375,0.00244122208096087
623,0.0,0.0026397889014333487,0.028537260368466377,0.8105188012123108,0.0026397889014333487
624,0.0,0.0025498501490801573,0.028869181871414185,0.8206708431243896,0.0025498501490801573
625,0.0,0.002479229588061571,0.028712954372167587,0.8176628351211548,0.002479229588061571
626,0.0,0.0024488356430083513,0.02809683419764042,0.8023227453231812,0.0024488356430083513
627,0.0,0.002531415084376931,0.028778886422514915,0.8135401010513306,0.002531415084376931
628,0.0,0.002582457149401307,0.028023749589920044,0.7832589149475098,0.002582457149401307
629,0.0,0.0025714992079883814,0.02869974449276924,0.8102081418037415,0.0025714992079883814
630,0.0,0.0025736545212566853,0.028865071013569832,0.815432071685791,0.0025736545212566853
631,0.0,0.002405713777989149,0.02882516011595726,0.8243328332901001,0.002405713777989149
632,0.0,0.0025010518729686737,0.02836642973124981,0.8026283383369446,0.0025010518729686737
633,0.0,0.002525067888200283,0.02843545563519001,0.8090934753417969,0.002525067888200283
634,0.0,0.0024865774903446436,0.028507018461823463,0.8130879402160645,0.0024865774903446436
635,0.0,0.0026158844120800495,0.02837911807000637,0.8025561571121216,0.0026158844120800495
636,0.0,0.002465857658535242,0.02902912348508835,0.8224115967750549,0.002465857658535242
637,0.0,0.0025151637382805347,0.028518853709101677,0.8134689927101135,0.0025151637382805347
638,0.0,0.002603699918836355,0.02855462208390236,0.8095989227294922,0.002603699918836355
639,0.0,0.002558371052145958,0.02848726138472557,0.8066721558570862,0.002558371052145958
640,0.0,0.0025095294695347548,0.02854304201900959,0.8054379224777222,0.0025095294695347548
641,0.0,0.0025555340107530355,0.02860141359269619,0.8068546056747437,0.0025555340107530355
642,0.0,0.0025305699091404676,0.02838977612555027,0.8058849573135376,0.0025305699091404676
643,0.0,0.002460465533658862,0.028398320078849792,0.8074003458023071,0.002460465533658862
644,0.0,0.0025713357608765364,0.028389649465680122,0.7930151224136353,0.0025713357608765364
645,0.0,0.0026045856066048145,0.0278993658721447,0.7887451648712158,0.0026045856066048145
646,0.0,0.0025765285827219486,0.028917012736201286,0.8246700763702393,0.0025765285827219486
647,0.0,0.002476587425917387,0.029078084975481033,0.8314828872680664,0.002476587425917387
648,0.0,0.0025792382657527924,0.028401266783475876,0.8011555671691895,0.0025792382657527924
649,0.0,0.0025353236123919487,0.028877871111035347,0.8194655179977417,0.0025353236123919487
650,0.0,0.0024699782952666283,0.02913591079413891,0.8260147571563721,0.0024699782952666283
651,0.0,0.0025119108613580465,0.028359752148389816,0.8020495176315308,0.0025119108613580465
652,0.0,0.0025484764482825994,0.0285639688372612,0.8080945611000061,0.0025484764482825994
653,0.0,0.002506132936105132,0.0286107175052166,0.8086324334144592,0.002506132936105132
654,0.0,0.0027713023591786623,0.028091972693800926,0.7837021946907043,0.0027713023591786623
655,0.0,0.002493630861863494,0.028287170454859734,0.8034172058105469,0.002493630861863494
656,0.0,0.0024970436934381723,0.02825838141143322,0.8087822794914246,0.0024970436934381723
657,0.0,0.002512173028662801,0.028533287346363068,0.8080441951751709,0.002512173028662801
658,0.0,0.0025402794126421213,0.028107577934861183,0.7981472611427307,0.0025402794126421213
659,0.0,0.0024537236895412207,0.028453659266233444,0.8191052079200745,0.0024537236895412207
660,0.0,0.0026220132131129503,0.02850397489964962,0.7996807098388672,0.0026220132131129503
661,0.0,0.0025560713838785887,0.02854413166642189,0.7965627312660217,0.0025560713838785887
662,0.0,0.0025722046848386526,0.02871081419289112,0.8118484616279602,0.0025722046848386526
663,0.0,0.0026113297790288925,0.028988540172576904,0.8286309242248535,0.0026113297790288925
664,0.0,0.002538749249652028,0.028670459985733032,0.8161923289299011,0.002538749249652028
665,0.0,0.0025570839643478394,0.028826985508203506,0.8186565637588501,0.0025570839643478394
666,0.0,0.0025638509541749954,0.028720730915665627,0.8158966302871704,0.0025638509541749954
667,0.0,0.002577280392870307,0.029081016778945923,0.8238751292228699,0.002577280392870307
668,0.0,0.002460696967318654,0.028722714632749557,0.8160483241081238,0.002460696967318654
669,0.0,0.0025523006916046143,0.02865925431251526,0.811660885810852,0.0025523006916046143
670,0.0,0.0026214784011244774,0.02878943271934986,0.8197982907295227,0.0026214784011244774
671,0.0,0.0026162981521338224,0.028572963550686836,0.8096168637275696,0.0026162981521338224
672,0.0,0.002600305015221238,0.028531180694699287,0.8096402883529663,0.002600305015221238
673,0.0,0.002578479703515768,0.028899015858769417,0.8252183794975281,0.002578479703515768
674,0.0,0.0025940132327377796,0.028355330228805542,0.7986494898796082,0.0025940132327377796
675,0.0,0.0025060728657990694,0.028650199994444847,0.8133563995361328,0.0025060728657990694
676,0.0,0.002520947949960828,0.028263013809919357,0.8028005361557007,0.002520947949960828
677,0.0,0.0024907465558499098,0.027923667803406715,0.7946969270706177,0.0024907465558499098
678,0.0,0.0024537767749279737,0.028713757172226906,0.8199562430381775,0.0024537767749279737
679,0.0,0.002521545859053731,0.028274472802877426,0.8069277405738831,0.002521545859053731
680,0.0,0.002525245537981391,0.028066450729966164,0.7950444221496582,0.002525245537981391
681,0.0,0.0025223332922905684,0.028391944244503975,0.8029991388320923,0.0025223332922905684
682,0.0,0.002522943541407585,0.029102427884936333,0.8234951496124268,0.002522943541407585
683,0.0,0.0025353513192385435,0.02835526503622532,0.8064577579498291,0.0025353513192385435
684,0.0,0.0025445304345339537,0.028896106407046318,0.8166850805282593,0.0025445304345339537
685,0.0,0.002601966727524996,0.02840602770447731,0.7998992800712585,0.002601966727524996
686,0.0,0.0025653729680925608,0.02869974821805954,0.8130514025688171,0.0025653729680925608
687,0.0,0.0025309526827186346,0.028202956542372704,0.803254246711731,0.0025309526827186346
688,0.0,0.002508189296349883,0.028210045769810677,0.8003186583518982,0.002508189296349883
689,0.0,0.002460399642586708,0.028651488944888115,0.816135585308075,0.002460399642586708
690,0.0,0.0025421548634767532,0.028524484485387802,0.8062339425086975,0.0025421548634767532
691,0.0,0.002528041135519743,0.028479227796196938,0.8061461448669434,0.002528041135519743
692,0.0,0.002516454318538308,0.02899877540767193,0.8218308091163635,0.002516454318538308
693,0.0,0.0024868412874639034,0.027993077412247658,0.7967706918716431,0.0024868412874639034
694,0.0,0.0025749856140464544,0.02882891148328781,0.8149491548538208,0.0025749856140464544
695,0.0,0.0025227516889572144,0.028642674908041954,0.8117567896842957,0.0025227516889572144
696,0.0,0.0024474882520735264,0.028486216440796852,0.808666467666626,0.0024474882520735264
697,0.0,0.0025019110180437565,0.028177687898278236,0.7942559123039246,0.0025019110180437565
698,0.0,0.002504739910364151,0.028910869732499123,0.8222927451133728,0.002504739910364151
699,0.0,0.0025613612961024046,0.028567614033818245,0.8117262721061707,0.0025613612961024046
700,0.0,0.0025151236914098263,0.028689008206129074,0.8136045932769775,0.0025151236914098263
701,0.0,0.0024902112782001495,0.028480324894189835,0.8072965145111084,0.0024902112782001495
702,0.0,0.0024454244412481785,0.02882007323205471,0.8236249089241028,0.0024454244412481785
703,0.0,0.002553196856752038,0.028624942526221275,0.8021511435508728,0.002553196856752038
704,0.0,0.0024843323044478893,0.028438616544008255,0.8073475956916809,0.0024843323044478893
705,0.0,0.0025205931160598993,0.028179138898849487,0.7979983687400818,0.0025205931160598993
706,0.0,0.002639364218339324,0.028156490996479988,0.7982978224754333,0.002639364218339324
707,0.0,0.002534568076953292,0.028425028547644615,0.8068750500679016,0.002534568076953292
708,0.0,0.0025797977577894926,0.02867179736495018,0.8135209083557129,0.0025797977577894926
709,0.0,0.0025506215170025826,0.028343887999653816,0.8026859164237976,0.0025506215170025826
710,0.0,0.0024642418138682842,0.027928095310926437,0.7955699563026428,0.0024642418138682842
711,0.0,0.002595041412860155,0.028577053919434547,0.8086019158363342,0.002595041412860155
712,0.0,0.0025759441778063774,0.028226720169186592,0.7995339035987854,0.0025759441778063774
713,0.0,0.002579211024567485,0.028278272598981857,0.8004701137542725,0.002579211024567485
714,0.0,0.0025447504594922066,0.028687559068202972,0.8133730292320251,0.0025447504594922066
715,0.0,0.002535379957407713,0.028789395466446877,0.8183755874633789,0.002535379957407713
716,0.0,0.0025456096045672894,0.028051059693098068,0.7980195879936218,0.0025456096045672894
717,0.0,0.0026083828415721655,0.02874595671892166,0.8102751970291138,0.0026083828415721655
718,0.0,0.002575305523350835,0.028664205223321915,0.8097015023231506,0.002575305523350835
719,0.0,0.00246236240491271,0.02887340448796749,0.8235783576965332,0.00246236240491271
720,0.0,0.0025685636792331934,0.0282269399613142,0.7956283092498779,0.0025685636792331934
721,0.0,0.0025567279662936926,0.028560690581798553,0.8009339570999146,0.0025567279662936926
722,0.0,0.002566198818385601,0.0286325104534626,0.8055872917175293,0.002566198818385601
723,0.0,0.0024792649783194065,0.02858036197721958,0.8078277707099915,0.0024792649783194065
724,0.0,0.0025959808845072985,0.028471117839217186,0.8053209185600281,0.0025959808845072985
725,0.0,0.00244349823333323,0.028240717947483063,0.7986271977424622,0.00244349823333323
726,0.0,0.0024973182007670403,0.028444895520806313,0.8084620833396912,0.0024973182007670403
727,0.0,0.0024746323470026255,0.028740614652633667,0.8113574981689453,0.0024746323470026255
728,0.0,0.0025214976631104946,0.02875063195824623,0.8081770539283752,0.0025214976631104946
729,0.0,0.0025177164934575558,0.028909429907798767,0.8180821537971497,0.0025177164934575558
730,0.0,0.002578987739980221,0.029268044978380203,0.8333946466445923,0.002578987739980221
731,0.0,0.0025297594256699085,0.028708461672067642,0.8107513785362244,0.0025297594256699085
732,0.0,0.0025273687206208706,0.02806967869400978,0.7975142002105713,0.0025273687206208706
733,0.0,0.002558730309829116,0.02885032258927822,0.8189771175384521,0.002558730309829116
734,0.0,0.0025098996702581644,0.028184369206428528,0.8007429242134094,0.0025098996702581644
735,0.0,0.002527262782678008,0.028917234390974045,0.8232349753379822,0.002527262782678008
736,0.0,0.0026248167268931866,0.028701964765787125,0.8089509606361389,0.0026248167268931866
737,0.0,0.0024899004492908716,0.028681691735982895,0.8144083023071289,0.0024899004492908716
738,0.0,0.002610847121104598,0.02895916812121868,0.8213154673576355,0.002610847121104598
739,0.0,0.0025176669005304575,0.029445670545101166,0.8426406383514404,0.0025176669005304575
740,0.0,0.002564753405749798,0.028951629996299744,0.821135401725769,0.002564753405749798
741,0.0,0.002630098257213831,0.029115397483110428,0.8187421560287476,0.002630098257213831
742,0.0,0.002449475461617112,0.028972037136554718,0.8232643008232117,0.002449475461617112
743,0.0,0.002560607623308897,0.028822558000683784,0.809305727481842,0.002560607623308897
744,0.0,0.0024859507102519274,0.028680963441729546,0.8138254284858704,0.0024859507102519274
745,0.0,0.002680112374946475,0.028365518897771835,0.794861912727356,0.002680112374946475
746,0.0,0.0025728580076247454,0.02840154804289341,0.8048847913742065,0.0025728580076247454
747,0.0,0.0025966770481318235,0.029066691175103188,0.8153182864189148,0.0025966770481318235
748,0.0,0.0025551030412316322,0.028739601373672485,0.8081778883934021,0.0025551030412316322
749,0.0,0.002411138964816928,0.028356928378343582,0.811346173286438,0.002411138964816928
750,0.0,0.0025975012686103582,0.028623880818486214,0.8078187108039856,0.0025975012686103582
751,0.0,0.0026203966699540615,0.02856004796922207,0.8057228922843933,0.0026203966699540615
752,0.0,0.0025381797458976507,0.02870255522429943,0.8153411149978638,0.0025381797458976507
753,0.0,0.0026134378276765347,0.028759172186255455,0.8133859038352966,0.0026134378276765347
754,0.0,0.0025939366314560175,0.02826697938144207,0.7951410412788391,0.0025939366314560175
755,0.0,0.0024903835728764534,0.028299130499362946,0.8021595478057861,0.0024903835728764534
756,0.0,0.0025247649755328894,0.02841472253203392,0.8091508746147156,0.0025247649755328894
757,0.0,0.0025399192236363888,0.028608253225684166,0.811206579208374,0.0025399192236363888
758,0.0,0.002472842577844858,0.028544902801513672,0.8101631999015808,0.002472842577844858
759,0.0,0.0025422382168471813,0.028750304132699966,0.8170024752616882,0.0025422382168471813
760,0.0,0.002569299889728427,0.028641488403081894,0.8104598522186279,0.002569299889728427
761,0.0,0.002571018412709236,0.02894536964595318,0.8132938146591187,0.002571018412709236
762,0.0,0.002494442742317915,0.02816854789853096,0.8027946949005127,0.002494442742317915
763,0.0,0.0026111742481589317,0.02818833850324154,0.803114652633667,0.0026111742481589317
764,0.0,0.0025618942454457283,0.028587527573108673,0.8059437274932861,0.0025618942454457283
765,0.0,0.0026303178165107965,0.02827388606965542,0.7941540479660034,0.0026303178165107965
766,0.0,0.002547802636399865,0.028705542907118797,0.8040006160736084,0.002547802636399865
767,0.0,0.0025024579372256994,0.028517967090010643,0.8065193891525269,0.0025024579372256994
768,0.0,0.0024936378467828035,0.028587013483047485,0.8118554353713989,0.0024936378467828035
769,0.0,0.002607485046610236,0.028657693415880203,0.8063907027244568,0.002607485046610236
770,0.0,0.002557240193709731,0.028588907793164253,0.8044697046279907,0.002557240193709731
771,0.0,0.0023787720128893852,0.028234338387846947,0.8043148517608643,0.0023787720128893852
772,0.0,0.0025078982580453157,0.028994718566536903,0.8214904069900513,0.0025078982580453157
773,0.0,0.002522711642086506,0.02855590544641018,0.806859016418457,0.002522711642086506
774,0.0,0.00258679804392159,0.02869820035994053,0.8090410828590393,0.00258679804392159
775,0.0,0.0025106659159064293,0.02813928946852684,0.7936357855796814,0.0025106659159064293
776,0.0,0.0025372710078954697,0.028053725138306618,0.7939444184303284,0.0025372710078954697
777,0.0,0.0024357042275369167,0.028794923797249794,0.8186522722244263,0.0024357042275369167
778,0.0,0.0024383701384067535,0.02845393680036068,0.7951127886772156,0.0024383701384067535
779,0.0,0.00252056447789073,0.02799069508910179,0.7936937212944031,0.00252056447789073
780,0.0,0.0024809748865664005,0.028630418702960014,0.8095529675483704,0.0024809748865664005
781,0.0,0.0025497411843389273,0.028408506885170937,0.8001973628997803,0.0025497411843389273
782,0.0,0.002487950259819627,0.028777755796909332,0.8127614259719849,0.002487950259819627
783,0.0,0.002548329532146454,0.028372060507535934,0.7950190305709839,0.002548329532146454
784,0.0,0.00254871160723269,0.028436312451958656,0.8032792210578918,0.00254871160723269
785,0.0,0.0025284665171056986,0.028517868369817734,0.8048323392868042,0.0025284665171056986
786,0.0,0.0025393441319465637,0.028214456513524055,0.7994102835655212,0.0025393441319465637
787,0.0,0.0025232473853975534,0.02866578847169876,0.8076786398887634,0.0025232473853975534
788,0.0,0.0024845206644386053,0.02873331308364868,0.8156949877738953,0.0024845206644386053
789,0.0,0.002519140485674143,0.02843535505235195,0.7990570664405823,0.002519140485674143
790,0.0,0.0024780428502708673,0.02807305008172989,0.7927573323249817,0.0024780428502708673
791,0.0,0.0025230187457054853,0.028537074103951454,0.8120651841163635,0.0025230187457054853
792,0.0,0.0025819905567914248,0.028219370171427727,0.7989432215690613,0.0025819905567914248
793,0.0,0.002591227414086461,0.0285504050552845,0.80402672290802,0.002591227414086461
794,0.0,0.002576009603217244,0.029045263305306435,0.8312802314758301,0.002576009603217244
795,0.0,0.00245175720192492,0.028779735788702965,0.8183059096336365,0.00245175720192492
796,0.0,0.002578835003077984,0.02821362018585205,0.7905895113945007,0.002578835003077984
797,0.0,0.002601432614028454,0.0285028126090765,0.7991994023323059,0.002601432614028454
798,0.0,0.0025485765654593706,0.028629932552576065,0.8065627217292786,0.0025485765654593706
799,0.0,0.0025561489164829254,0.028507625684142113,0.8060030341148376,0.0025561489164829254
800,0.0,0.0025558944325894117,0.028504611924290657,0.8035953044891357,0.0025558944325894117
801,0.0,0.0024881477002054453,0.02879015915095806,0.8133571147918701,0.0024881477002054453
802,0.0,0.0025005899369716644,0.02838044799864292,0.8004822134971619,0.0025005899369716644
803,0.0,0.0025305668823421,0.028409523889422417,0.8010591864585876,0.0025305668823421
804,0.0,0.002510823542252183,0.028293758630752563,0.7980614900588989,0.002510823542252183
805,0.0,0.0025914835277944803,0.028795132413506508,0.8091959357261658,0.0025914835277944803
806,0.0,0.0025514643639326096,0.02806769497692585,0.7898886799812317,0.0025514643639326096
807,0.0,0.0025155325420200825,0.028498198837041855,0.8102043867111206,0.0025155325420200825
808,0.0,0.002430197549983859,0.028382180258631706,0.8103047609329224,0.002430197549983859
809,0.0,0.002531555015593767,0.02906121127307415,0.8242506384849548,0.002531555015593767
810,0.0,0.0025452179834246635,0.028058011084794998,0.7920544147491455,0.0025452179834246635
811,0.0,0.002601856365799904,0.02875565178692341,0.811194121837616,0.002601856365799904
812,0.0,0.0024956166744232178,0.027919353917241096,0.78907710313797,0.0024956166744232178
813,0.0,0.0025281659327447414,0.027798252180218697,0.7856025099754333,0.0025281659327447414
814,0.0,0.002562036970630288,0.02857275679707527,0.8059301376342773,0.002562036970630288
815,0.0,0.0025137807242572308,0.02868144027888775,0.8118467330932617,0.0025137807242572308
816,0.0,0.002555208746343851,0.028453659266233444,0.8093701601028442,0.002555208746343851
817,0.0,0.002486844314262271,0.028223980218172073,0.7984135746955872,0.002486844314262271
818,0.0,0.002579673193395138,0.029140880331397057,0.8256031274795532,0.002579673193395138
819,0.0,0.0025414510164409876,0.028624650090932846,0.8057417869567871,0.0025414510164409876
820,0.0,0.0025464799255132675,0.02878732606768608,0.8162188529968262,0.0025464799255132675
821,0.0,0.002476048655807972,0.028357408940792084,0.8019803166389465,0.002476048655807972
822,0.0,0.0024974471889436245,0.028464410454034805,0.8078771233558655,0.0024974471889436245
823,0.0,0.0025757572147995234,0.02820180170238018,0.7947209477424622,0.0025757572147995234
824,0.0,0.002554598730057478,0.0285154040902853,0.8016848564147949,0.002554598730057478
825,0.0,0.0024748709984123707,0.028808606788516045,0.8203138113021851,0.0024748709984123707
826,0.0,0.0024924518074840307,0.028312483802437782,0.8070799708366394,0.0024924518074840307
827,0.0,0.002634250558912754,0.02831757254898548,0.7974467277526855,0.002634250558912754
828,0.0,0.0025438242591917515,0.028794696554541588,0.8081550598144531,0.0025438242591917515
829,0.0,0.0025779264979064465,0.02858429029583931,0.8001453876495361,0.0025779264979064465
830,0.0,0.0025250401813536882,0.02828451432287693,0.7997537851333618,0.0025250401813536882
831,0.0,0.0025372689124196768,0.0283795315772295,0.8036265969276428,0.0025372689124196768
832,0.0,0.0025729339104145765,0.028827985748648643,0.8086531162261963,0.0025729339104145765
833,0.0,0.0025648842565715313,0.028302518650889397,0.7925072312355042,0.0025648842565715313
834,0.0,0.0025945755187422037,0.02894950844347477,0.8080172538757324,0.0025945755187422037
835,0.0,0.0025295005179941654,0.02845180034637451,0.8027953505516052,0.0025295005179941654
836,0.0,0.0025238448288291693,0.028583774343132973,0.8155990242958069,0.0025238448288291693
837,0.0,0.0025445502251386642,0.028407307341694832,0.7980536818504333,0.0025445502251386642
838,0.0,0.0024756935890764,0.02866535447537899,0.8109139204025269,0.0024756935890764
839,0.0,0.002557935658842325,0.02825879491865635,0.7921468615531921,0.002557935658842325
840,0.0,0.0026057856157422066,0.02842743881046772,0.7973088622093201,0.0026057856157422066
841,0.0,0.0026109397877007723,0.028013743460178375,0.7889198064804077,0.0026109397877007723
842,0.0,0.0025039257016032934,0.028112756088376045,0.7964985966682434,0.0025039257016032934
843,0.0,0.0026006726548075676,0.028497016057372093,0.799351692199707,0.0026006726548075676
844,0.0,0.0025582665111869574,0.02819056250154972,0.7896910309791565,0.0025582665111869574
845,0.0,0.0024638131726533175,0.02833091840147972,0.8072962760925293,0.0024638131726533175
846,0.0,0.0025303950533270836,0.028188394382596016,0.7965975403785706,0.0025303950533270836
847,0.0,0.002565300790593028,0.028696047142148018,0.8009428381919861,0.002565300790593028
848,0.0,0.002526635304093361,0.028392285108566284,0.8015291690826416,0.002526635304093361
849,0.0,0.0025584478862583637,0.028384633362293243,0.7973604798316956,0.0025584478862583637
850,0.0,0.0024757806677371264,0.02855093404650688,0.8124607801437378,0.0024757806677371264
851,0.0,0.0025364612229168415,0.02864483743906021,0.8037877082824707,0.0025364612229168415
852,0.0,0.0025476948358118534,0.02835843153297901,0.8046026825904846,0.0025476948358118534
853,0.0,0.00251775118522346,0.028396189212799072,0.7924376130104065,0.00251775118522346
854,0.0,0.0024628255050629377,0.02851412259042263,0.806820809841156,0.0024628255050629377
855,0.0,0.0026276279240846634,0.028013722971081734,0.7876302599906921,0.0026276279240846634
856,0.0,0.002515435917302966,0.02860133722424507,0.8064804077148438,0.002515435917302966
857,0.0,0.0025278455577790737,0.028624730184674263,0.805804967880249,0.0025278455577790737
858,0.0,0.00251203216612339,0.028415638953447342,0.8017378449440002,0.00251203216612339
859,0.0,0.002513810293748975,0.02779286727309227,0.7807796001434326,0.002513810293748975
860,0.0,0.0026466527488082647,0.02845255471765995,0.8047716021537781,0.0026466527488082647
861,0.0,0.0025131581351161003,0.028250545263290405,0.797021210193634,0.0025131581351161003
862,0.0,0.002547702519223094,0.028377609327435493,0.797473132610321,0.002547702519223094
863,0.0,0.0025966286193579435,0.02854536846280098,0.8066457509994507,0.0025966286193579435
864,0.0,0.0026037434581667185,0.02850882150232792,0.8002944588661194,0.0026037434581667185
865,0.0,0.002518322551622987,0.028443263843655586,0.8052860498428345,0.002518322551622987
866,0.0,0.002528892131522298,0.02858540043234825,0.8074612021446228,0.002528892131522298
867,0.0,0.002562967361882329,0.02844242937862873,0.808249831199646,0.002562967361882329
868,0.0,0.0025152142625302076,0.027955884113907814,0.7824481725692749,0.0025152142625302076
869,0.0,0.0026105542201548815,0.028226343914866447,0.8001787066459656,0.0026105542201548815
870,0.0,0.0024480451829731464,0.0281349029392004,0.8033498525619507,0.0024480451829731464
871,0.0,0.0025451509281992912,0.028055982664227486,0.7839757204055786,0.0025451509281992912
872,0.0,0.0025500066112726927,0.027924560010433197,0.7831693291664124,0.0025500066112726927
873,0.0,0.002543332288041711,0.028299158439040184,0.7966497540473938,0.002543332288041711
874,0.0,0.0024885665625333786,0.028183145448565483,0.7962660789489746,0.0024885665625333786
875,0.0,0.0024476691614836454,0.028397994115948677,0.8069213032722473,0.0024476691614836454
876,0.0,0.00250611430965364,0.02815956436097622,0.7935484051704407,0.00250611430965364
877,0.0,0.0025610635057091713,0.02842523343861103,0.7989877462387085,0.0025610635057091713
878,0.0,0.0025571919977664948,0.02839157171547413,0.8005140423774719,0.0025571919977664948
879,0.0,0.0025088812690228224,0.027653848752379417,0.7769268751144409,0.0025088812690228224
880,0.0,0.002423895988613367,0.02771754376590252,0.7763271331787109,0.002423895988613367
881,0.0,0.0025703562423586845,0.02839576080441475,0.8031845092773438,0.0025703562423586845
882,0.0,0.0025739979464560747,0.028289342299103737,0.7944513559341431,0.0025739979464560747
883,0.0,0.002484578173607588,0.0282968208193779,0.7939435839653015,0.002484578173607588
884,0.0,0.00259446376003325,0.028870495036244392,0.8076715469360352,0.00259446376003325
885,0.0,0.0026001418009400368,0.02891240268945694,0.8105847835540771,0.0026001418009400368
886,0.0,0.00246060942299664,0.027874279767274857,0.7919192910194397,0.00246060942299664
887,0.0,0.0024504379834979773,0.02824273519217968,0.8022288680076599,0.0024504379834979773
888,0.0,0.0025361517909914255,0.02821855992078781,0.7987363934516907,0.0025361517909914255
889,0.0,0.002594265155494213,0.028314992785453796,0.7930009365081787,0.002594265155494213
890,0.0,0.00254020094871521,0.028385424986481667,0.7996432185173035,0.00254020094871521
891,0.0,0.0025192750617861748,0.028376780450344086,0.80340576171875,0.0025192750617861748
892,0.0,0.002532287733629346,0.027552301064133644,0.7836934328079224,0.002532287733629346
893,0.0,0.002481005387380719,0.028084488585591316,0.7972231507301331,0.002481005387380719
894,0.0,0.002540648216381669,0.028335031121969223,0.7945044040679932,0.002540648216381669
895,0.0,0.002532907761633396,0.028091076761484146,0.7914287447929382,0.002532907761633396
896,0.0,0.0025656181387603283,0.028224002569913864,0.7967589497566223,0.0025656181387603283
897,0.0,0.002596704289317131,0.028335116803646088,0.7897747755050659,0.002596704289317131
898,0.0,0.002520633628591895,0.028101865202188492,0.7890303134918213,0.002520633628591895
899,0.0,0.0025216590147465467,0.028378693386912346,0.8011409044265747,0.0025216590147465467
900,0.0,0.002607363509014249,0.02843327261507511,0.8027190566062927,0.002607363509014249
901,0.0,0.0025374863762408495,0.0278280358761549,0.7803632020950317,0.0025374863762408495
902,0.0,0.0026148520410060883,0.027615884318947792,0.777597963809967,0.0026148520410060883
903,0.0,0.0025634963531047106,0.02787921018898487,0.7862508893013,0.0025634963531047106
904,0.0,0.00241423724219203,0.027804967015981674,0.7925477623939514,0.00241423724219203
905,0.0,0.002481720643118024,0.027599645778536797,0.7759333252906799,0.002481720643118024
906,0.0,0.002506870310753584,0.02810751087963581,0.8015925884246826,0.002506870310753584
907,0.0,0.0025008234661072493,0.028200073167681694,0.8049482703208923,0.0025008234661072493
908,0.0,0.002514653140679002,0.028328396379947662,0.8013715147972107,0.002514653140679002
909,0.0,0.002480108756572008,0.02821909636259079,0.8074043989181519,0.002480108756572008
910,0.0,0.002552586607635021,0.028488406911492348,0.8045950531959534,0.002552586607635021
911,0.0,0.0025394544936716557,0.02849818952381611,0.8008334636688232,0.0025394544936716557
912,0.0,0.002530164085328579,0.02816249057650566,0.7945610880851746,0.002530164085328579
913,0.0,0.0025015815626829863,0.02825375273823738,0.7944417595863342,0.0025015815626829863
914,0.0,0.0025347217451781034,0.028804119676351547,0.8116094470024109,0.0025347217451781034
915,0.0,0.0025267289020121098,0.028203703463077545,0.7946192026138306,0.0025267289020121098
916,0.0,0.0025724091101437807,0.028412718325853348,0.8025447130203247,0.0025724091101437807
917,0.0,0.0025099122431129217,0.02815769985318184,0.7969714999198914,0.0025099122431129217
918,0.0,0.002525073941797018,0.028300995007157326,0.7924923896789551,0.002525073941797018
919,0.0,0.0025202862452715635,0.028193647041916847,0.7974813580513,0.0025202862452715635
920,0.0,0.002587724244222045,0.02796960435807705,0.7845408916473389,0.002587724244222045
921,0.0,0.002495845779776573,0.02840578928589821,0.8023682832717896,0.002495845779776573
922,0.0,0.0025822273455560207,0.027828307822346687,0.7846673130989075,0.0025822273455560207
923,0.0,0.002487149788066745,0.02833542600274086,0.7995954751968384,0.002487149788066745
924,0.0,0.0025060002226382494,0.028420809656381607,0.8063965439796448,0.0025060002226382494
925,0.0,0.0025122719816863537,0.027901453897356987,0.7910492420196533,0.0025122719816863537
926,0.0,0.002602522261440754,0.02796713262796402,0.7834922075271606,0.002602522261440754
927,0.0,0.002478737849742174,0.027996374294161797,0.7900210618972778,0.002478737849742174
928,0.0,0.002554727718234062,0.027856530621647835,0.7869147658348083,0.002554727718234062
929,0.0,0.0025325892493128777,0.02884218469262123,0.8144094944000244,0.0025325892493128777
930,0.0,0.0025112591683864594,0.028320705518126488,0.7991003394126892,0.0025112591683864594
931,0.0,0.002605041256174445,0.02849249355494976,0.800658643245697,0.002605041256174445
932,0.0,0.00245471834205091,0.027783755213022232,0.7863991260528564,0.00245471834205091
933,0.0,0.0025558259803801775,0.02794332057237625,0.7861992716789246,0.0025558259803801775
934,0.0,0.002484788652509451,0.02779289148747921,0.7790140509605408,0.002484788652509451
935,0.0,0.0025830010417848825,0.0278252512216568,0.7771406769752502,0.0025830010417848825
936,0.0,0.002457778202369809,0.028227748349308968,0.796928882598877,0.002457778202369809
937,0.0,0.0025229111779481173,0.027698980644345284,0.7778223156929016,0.0025229111779481173
938,0.0,0.002488804282620549,0.02821427956223488,0.7953780293464661,0.002488804282620549
939,0.0,0.0024903512094169855,0.028102470561861992,0.7959206104278564,0.0024903512094169855
940,0.0,0.0025342688895761967,0.02827426791191101,0.7920067310333252,0.0025342688895761967
941,0.0,0.002566160401329398,0.02827400527894497,0.8004856109619141,0.002566160401329398
942,0.0,0.0024772502947598696,0.028427012264728546,0.7961761951446533,0.0024772502947598696
943,0.0,0.0025156005285680294,0.027805155143141747,0.7836815118789673,0.0025156005285680294
944,0.0,0.002475294517353177,0.027680838480591774,0.7872101068496704,0.002475294517353177
945,0.0,0.0024931265506893396,0.027654079720377922,0.7796432971954346,0.0024931265506893396
946,0.0,0.002458687638863921,0.028096793219447136,0.7974204421043396,0.002458687638863921
947,0.0,0.002488757949322462,0.028334498405456543,0.7962595224380493,0.002488757949322462
948,0.0,0.002499655820429325,0.02801109105348587,0.7835468649864197,0.002499655820429325
949,0.0,0.0024569372180849314,0.02805372327566147,0.787513792514801,0.0024569372180849314
950,0.0,0.0024965843185782433,0.028219256550073624,0.7946757674217224,0.0024965843185782433
951,0.0,0.0024727496784180403,0.02849821001291275,0.814444363117218,0.0024727496784180403
952,0.0,0.002483090152963996,0.027821026742458344,0.7851599454879761,0.002483090152963996
953,0.0,0.0025107518304139376,0.028105590492486954,0.7953348755836487,0.0025107518304139376
954,0.0,0.002539425389841199,0.028255943208932877,0.8016964793205261,0.002539425389841199
955,0.0,0.00248073972761631,0.028231654316186905,0.8029610514640808,0.00248073972761631
956,0.0,0.0026054829359054565,0.027927938848733902,0.7795736193656921,0.0026054829359054565
957,0.0,0.0025467697996646166,0.02832651138305664,0.799467146396637,0.0025467697996646166
958,0.0,0.0025358041748404503,0.028424806892871857,0.7968743443489075,0.0025358041748404503
959,0.0,0.0025174496695399284,0.027481209486722946,0.7747830748558044,0.0025174496695399284
960,0.0,0.0025723774451762438,0.027826640754938126,0.778937816619873,0.0025723774451762438
961,0.0,0.0025998041965067387,0.02837759256362915,0.7910594940185547,0.0025998041965067387
962,0.0,0.0024651403073221445,0.028033681213855743,0.7899603247642517,0.0024651403073221445
963,0.0,0.0024501527659595013,0.028184371069073677,0.7987363934516907,0.0024501527659595013
964,0.0,0.002476992318406701,0.028165915980935097,0.7952273488044739,0.002476992318406701
965,0.0,0.0024877209216356277,0.02865230105817318,0.8056331872940063,0.0024877209216356277
966,0.0,0.0024991969112306833,0.027935374528169632,0.7893350124359131,0.0024991969112306833
967,0.0,0.002477854024618864,0.0281708724796772,0.7952476143836975,0.002477854024618864
968,0.0,0.002492504892870784,0.0278020016849041,0.7843256592750549,0.002492504892870784
969,0.0,0.0025189172010868788,0.02830648422241211,0.7964510321617126,0.0025189172010868788
970,0.0,0.0025298278778791428,0.02811829000711441,0.7888670563697815,0.0025298278778791428
971,0.0,0.0025336514227092266,0.027813035994768143,0.780649721622467,0.0025336514227092266
972,0.0,0.0024804524146020412,0.02795051597058773,0.7825038433074951,0.0024804524146020412
973,0.0,0.0024812230840325356,0.0278715081512928,0.7917333841323853,0.0024812230840325356
974,0.0,0.002473637228831649,0.028134845197200775,0.7868237495422363,0.002473637228831649
975,0.0,0.002475209068506956,0.027964286506175995,0.7879635691642761,0.002475209068506956
976,0.0,0.0025399711448699236,0.027858559042215347,0.7785950899124146,0.0025399711448699236
977,0.0,0.002432284178212285,0.027872934937477112,0.7872684597969055,0.002432284178212285
978,0.0,0.002504159929230809,0.02747434377670288,0.7797721028327942,0.002504159929230809
979,0.0,0.002450331812724471,0.02791736088693142,0.787588894367218,0.002450331812724471
980,0.0,0.002490703482180834,0.02833114191889763,0.8015438914299011,0.002490703482180834
981,0.0,0.0025617198552936316,0.028047755360603333,0.789596438407898,0.0025617198552936316
982,0.0,0.0025287421885877848,0.02794763073325157,0.7904828190803528,0.0025287421885877848
983,0.0,0.0025893396232277155,0.027975181117653847,0.7838867902755737,0.0025893396232277155
984,0.0,0.0024684444069862366,0.02790123224258423,0.7837570309638977,0.0024684444069862366
985,0.0,0.0025853277184069157,0.02821754664182663,0.794164776802063,0.0025853277184069157
986,0.0,0.0024862787686288357,0.02814917266368866,0.7865852117538452,0.0024862787686288357
987,0.0,0.00253305584192276,0.02825678139925003,0.7923156023025513,0.00253305584192276
988,0.0,0.0025831975508481264,0.027543501928448677,0.7667703628540039,0.0025831975508481264
989,0.0,0.002584033412858844,0.028721924871206284,0.8044848442077637,0.002584033412858844
990,0.0,0.0024878722615540028,0.027778049930930138,0.7851294279098511,0.0024878722615540028
991,0.0,0.002425692044198513,0.028129618614912033,0.8016045689582825,0.002425692044198513
992,0.0,0.002479114569723606,0.028256991878151894,0.7982223629951477,0.002479114569723606
993,0.0,0.0025142335798591375,0.0276494063436985,0.7753429412841797,0.0025142335798591375
994,0.0,0.0025291319470852613,0.02743387594819069,0.7707682251930237,0.0025291319470852613
995,0.0,0.002520285313948989,0.02782742865383625,0.7800440192222595,0.002520285313948989
996,0.0,0.0025568038690835238,0.02781141921877861,0.7810651659965515,0.0025568038690835238
997,0.0,0.00249444879591465,0.02786252275109291,0.7795878648757935,0.00249444879591465
998,0.0,0.002482866169884801,0.027945302426815033,0.7882367372512817,0.002482866169884801
999,0.0,0.002480585826560855,0.027997322380542755,0.7842237949371338,0.002480585826560855
