epoch,loss,mae,mse
0,2.18322491645813,2.6416361331939697,10.881556510925293
1,0.21905913949012756,0.4772946536540985,0.5625466704368591
2,0.025086676701903343,0.16149063408374786,0.0502115897834301
3,0.014409046620130539,0.13012151420116425,0.028818145394325256
4,0.012332774698734283,0.12027003616094589,0.024665750563144684
5,0.011185485869646072,0.11232803016901016,0.022370971739292145
6,0.010238314978778362,0.10719452053308487,0.020476629957556725
7,0.00952016282826662,0.10222914069890976,0.01904042437672615
8,0.008871814236044884,0.09800650179386139,0.017743628472089767
9,0.008319182321429253,0.09493201225996017,0.016638364642858505
10,0.00782086793333292,0.09134234488010406,0.015641743317246437
11,0.007429058663547039,0.08834343403577805,0.014858117327094078
12,0.006990371271967888,0.08502242714166641,0.013980742543935776
13,0.006566096097230911,0.08293722569942474,0.013132192194461823
14,0.006245172582566738,0.08027569204568863,0.012490345165133476
15,0.005929187405854464,0.07823880761861801,0.011858374811708927
16,0.005731974262744188,0.07610584795475006,0.011463950388133526
17,0.0054082078859210014,0.07417317479848862,0.010816415771842003
18,0.005235183052718639,0.07251431792974472,0.010470366105437279
19,0.004996481351554394,0.07006961107254028,0.009992962703108788
20,0.004758116789162159,0.06878963857889175,0.009516233578324318
21,0.0046006133779883385,0.06767013669013977,0.009201226755976677
22,0.004384519997984171,0.06564272940158844,0.008769761770963669
23,0.004306918475776911,0.06477726250886917,0.008613836951553822
24,0.004125745967030525,0.06337617337703705,0.00825149193406105
25,0.0039428905583918095,0.06189766526222229,0.007885781116783619
26,0.0038673197850584984,0.06013404205441475,0.007734639570116997
27,0.0037346321623772383,0.05934152379631996,0.0074692643247544765
28,0.003686396172270179,0.05885397642850876,0.007372792344540358
29,0.0035882561933249235,0.05827486887574196,0.007176512386649847
30,0.0034671518951654434,0.057058434933423996,0.006934303790330887
31,0.003404960734769702,0.05654963478446007,0.006809921469539404
32,0.0032836354803293943,0.055822551250457764,0.006567270960658789
33,0.003264002501964569,0.05487454682588577,0.006528005003929138
34,0.0031623055692762136,0.05443006753921509,0.006324611138552427
35,0.0030583865009248257,0.052935995161533356,0.006116773001849651
36,0.003017243929207325,0.052937913686037064,0.00603448785841465
37,0.002974629169330001,0.051890283823013306,0.005949258338660002
38,0.0028835732955485582,0.051235392689704895,0.0057671465910971165
39,0.0028543269727379084,0.05082254856824875,0.005708653945475817
40,0.002805228577926755,0.05066508799791336,0.00561045715585351
41,0.0027149803936481476,0.04950926452875137,0.005429960787296295
42,0.0026432271115481853,0.04864354431629181,0.005286454223096371
43,0.002645031316205859,0.048639196902513504,0.005290062632411718
44,0.0025720535777509212,0.04787847027182579,0.0051441071555018425
45,0.002522483468055725,0.04733482748270035,0.00504496693611145
46,0.0024791513569653034,0.04699954017996788,0.004958302713930607
47,0.0024622606579214334,0.046059634536504745,0.004924521315842867
48,0.0023839338682591915,0.04571283981204033,0.004767867736518383
49,0.002366104628890753,0.04552723094820976,0.004732209257781506
50,0.0023376652970910072,0.04485180228948593,0.0046753305941820145
51,0.0022695567458868027,0.044047627598047256,0.004539113491773605
52,0.002284184331074357,0.043757010251283646,0.004568368662148714
53,0.002264370210468769,0.043341781944036484,0.004528740420937538
54,0.002237181644886732,0.04312920570373535,0.004474363289773464
55,0.0021109692752361298,0.042476505041122437,0.0042219385504722595
56,0.002144851954653859,0.04227606579661369,0.004289703909307718
57,0.002112268004566431,0.042160455137491226,0.004224536009132862
58,0.0020784588996320963,0.04124795272946358,0.004156917799264193
59,0.0020842349622398615,0.04175250232219696,0.004168469924479723
60,0.0020272559486329556,0.04098433628678322,0.004054511897265911
61,0.001998872496187687,0.04019381105899811,0.003997744992375374
62,0.0019765698816627264,0.039744142442941666,0.003953139763325453
63,0.001976342871785164,0.039485931396484375,0.003952685743570328
64,0.0019452362321317196,0.039830531924963,0.003890472464263439
65,0.0019198539666831493,0.03920083865523338,0.0038397079333662987
66,0.0019195310305804014,0.038840215653181076,0.003839062061160803
67,0.0018660639179870486,0.03813471272587776,0.0037321278359740973
68,0.0018332201289013028,0.03781122341752052,0.0036664402578026056
69,0.0018679988570511341,0.03812645003199577,0.0037359977141022682
70,0.0018352415645495057,0.037721406668424606,0.0036704831290990114
71,0.0018516328418627381,0.037760067731142044,0.0037032656837254763
72,0.0017977298703044653,0.03695710003376007,0.0035954597406089306
73,0.0017480294918641448,0.0372152179479599,0.0034960589837282896
74,0.0017642466118559241,0.036416880786418915,0.0035284932237118483
75,0.0017908666050061584,0.0367262177169323,0.0035817332100123167
76,0.0017572181532159448,0.03589426726102829,0.0035144363064318895
77,0.0017096688970923424,0.035837944597005844,0.0034193377941846848
78,0.001740645500831306,0.03604598343372345,0.003481291001662612
79,0.0017119328258559108,0.0359787717461586,0.0034238656517118216
80,0.0017326733795925975,0.03581864759325981,0.003465346759185195
81,0.0016964571550488472,0.03533255681395531,0.0033929143100976944
82,0.0017062406986951828,0.03517501801252365,0.0034124813973903656
83,0.0016554698813706636,0.03509745001792908,0.0033109397627413273
84,0.0016625872813165188,0.034613944590091705,0.0033251745626330376
85,0.0016798240831121802,0.03472122922539711,0.0033596481662243605
86,0.0016466679517179728,0.03420574963092804,0.0032933359034359455
87,0.0016713039949536324,0.034617919474840164,0.0033426079899072647
88,0.0016150771407410502,0.03436969965696335,0.0032301542814821005
89,0.0016246397281065583,0.03454970568418503,0.0032492794562131166
90,0.0016287635080516338,0.03409421071410179,0.0032575270161032677
91,0.0016310884384438396,0.03340616077184677,0.003262176876887679
92,0.0015877579571679235,0.03346296772360802,0.003175515914335847
93,0.0016346678603440523,0.03376602753996849,0.0032693357206881046
94,0.0016212923219427466,0.033803537487983704,0.0032425846438854933
95,0.0016215124633163214,0.033510610461235046,0.0032430249266326427
96,0.0015853644581511617,0.03364250063896179,0.0031707289163023233
97,0.0015832603676244617,0.03319978341460228,0.0031665207352489233
98,0.001633144449442625,0.033317990601062775,0.00326628889888525
99,0.0016188676236197352,0.033399831503629684,0.0032377352472394705
100,0.0015833944780752063,0.03355196863412857,0.0031667889561504126
101,0.001585545833222568,0.032566651701927185,0.003171091666445136
102,0.0015952569665387273,0.03280900791287422,0.0031905139330774546
103,0.0015689505962654948,0.032778430730104446,0.0031379011925309896
104,0.0015836639795452356,0.03299560025334358,0.0031673279590904713
105,0.0015750032616779208,0.032750748097896576,0.0031500065233558416
106,0.0015840046107769012,0.033046212047338486,0.0031680092215538025
107,0.0015655765309929848,0.03280407935380936,0.0031311530619859695
108,0.0015574764693155885,0.03326348587870598,0.003114952938631177
109,0.001537719857878983,0.032563742250204086,0.003075439715757966
110,0.00156187335960567,0.0325872041285038,0.00312374671921134
111,0.0015735311899334192,0.032556116580963135,0.0031470623798668385
112,0.0015588754322379827,0.032663557678461075,0.0031177508644759655
113,0.0015240138163790107,0.03205955773591995,0.0030480276327580214
114,0.0015357648953795433,0.0323227159678936,0.0030715297907590866
115,0.0015619955956935883,0.03202033415436745,0.0031239911913871765
116,0.001556452945806086,0.032638318836688995,0.003112905891612172
117,0.001520530553534627,0.03221682459115982,0.003041061107069254
118,0.00154392933472991,0.03229479491710663,0.00308785866945982
119,0.001535325776785612,0.032349083572626114,0.003070651553571224
120,0.0015260418877005577,0.0322459414601326,0.0030520837754011154
121,0.001526656560599804,0.03221441060304642,0.003053313121199608
122,0.0015339483506977558,0.031953904777765274,0.0030678967013955116
123,0.0015490168007090688,0.032256998121738434,0.0030980336014181376
124,0.0015247850678861141,0.03216591477394104,0.0030495701357722282
125,0.0015092893736436963,0.03207750618457794,0.0030185787472873926
126,0.0015408131293952465,0.031986501067876816,0.003081626258790493
127,0.001521822065114975,0.03199487552046776,0.00304364413022995
128,0.0015220886562019587,0.032303303480148315,0.0030441773124039173
129,0.0015015670796856284,0.03199907764792442,0.003003134159371257
130,0.0015288303839042783,0.03180965036153793,0.0030576607678085566
131,0.0015287550631910563,0.03181419149041176,0.0030575101263821125
132,0.0015042605809867382,0.03162297233939171,0.0030085211619734764
133,0.0015354531351476908,0.03166942298412323,0.0030709062702953815
134,0.0015127283986657858,0.03153125196695328,0.0030254567973315716
135,0.0015318273799493909,0.0316411517560482,0.0030636547598987818
136,0.001519234268926084,0.03163833171129227,0.003038468537852168
137,0.0015095715643838048,0.031913019716739655,0.0030191431287676096
138,0.001526287174783647,0.03203657269477844,0.003052574349567294
139,0.0014948874013498425,0.031687770038843155,0.002989774802699685
140,0.0015285935951396823,0.03181609883904457,0.0030571871902793646
141,0.0015138831222429872,0.031728263944387436,0.0030277662444859743
142,0.0015270065050572157,0.03164798393845558,0.0030540130101144314
143,0.0015121842734515667,0.03188988193869591,0.0030243685469031334
144,0.0015393836656585336,0.03164219483733177,0.003078767331317067
145,0.0015306620625779033,0.031750161200761795,0.0030613241251558065
146,0.0015276798512786627,0.03160703554749489,0.0030553597025573254
147,0.0015168858226388693,0.03230557590723038,0.0030337716452777386
148,0.0015071108937263489,0.03160582855343819,0.0030142217874526978
149,0.0015676113544031978,0.03206125646829605,0.0031352227088063955
150,0.0015274235047399998,0.03137264400720596,0.0030548470094799995
151,0.0015127338701859117,0.031605202704668045,0.0030254677403718233
152,0.0014909373130649328,0.03135338053107262,0.0029818746261298656
153,0.0014746278757229447,0.031787045300006866,0.0029492557514458895
154,0.0015072440728545189,0.03169237822294235,0.0030144881457090378
155,0.0014885986456647515,0.031553715467453,0.002977197291329503
156,0.0014895870117470622,0.031404346227645874,0.0029791740234941244
157,0.0015187386889010668,0.03172088414430618,0.0030374773778021336
158,0.001518914825282991,0.031752876937389374,0.003037829650565982
159,0.0015253181336447597,0.031851876527071,0.0030506362672895193
160,0.0015193851431831717,0.03157920390367508,0.0030387702863663435
161,0.001500994199886918,0.03163595870137215,0.003001988399773836
162,0.0015241439687088132,0.031567979604005814,0.0030482879374176264
163,0.0015313858166337013,0.031158918514847755,0.0030627716332674026
164,0.0015114122070372105,0.03147052973508835,0.003022824414074421
165,0.001522563979960978,0.031114637851715088,0.003045127959921956
166,0.0015102176694199443,0.03160456568002701,0.0030204353388398886
167,0.0015409713378176093,0.031442560255527496,0.0030819426756352186
168,0.0015170752303674817,0.0315120592713356,0.0030341504607349634
169,0.0015124959172680974,0.031633637845516205,0.003024991834536195
170,0.0014867654535919428,0.031114010140299797,0.0029735309071838856
171,0.0015027739573270082,0.03168591111898422,0.0030055479146540165
172,0.001511510694399476,0.031989194452762604,0.003023021388798952
173,0.0015111287357285619,0.03154605254530907,0.0030222574714571238
174,0.001542962621897459,0.03129735589027405,0.003085925243794918
175,0.0015045308973640203,0.031445857137441635,0.0030090617947280407
176,0.0014573202934116125,0.03113953396677971,0.002914640586823225
177,0.001479384140111506,0.031519852578639984,0.002958768280223012
178,0.001506059430539608,0.0318596251308918,0.003012118861079216
179,0.0014832764863967896,0.03154977038502693,0.002966552972793579
180,0.0014931248733773828,0.031576499342918396,0.0029862497467547655
181,0.0015012931544333696,0.031299155205488205,0.0030025863088667393
182,0.0014997561229392886,0.03106444701552391,0.0029995122458785772
183,0.001510649104602635,0.031114907935261726,0.00302129820920527
184,0.0015204824740067124,0.03165538236498833,0.003040964948013425
185,0.0015062588499858975,0.031656645238399506,0.003012517699971795
186,0.0015147614758461714,0.03126441687345505,0.0030295229516923428
187,0.001532446825876832,0.03163100779056549,0.003064893651753664
188,0.0015026646433398128,0.03145671635866165,0.0030053292866796255
189,0.0015205921372398734,0.03152573108673096,0.003041184274479747
190,0.0015030152862891555,0.0314798429608345,0.003006030572578311
191,0.0015050790971145034,0.03156350553035736,0.0030101581942290068
192,0.001501613762229681,0.030957821756601334,0.003003227524459362
193,0.0014914425555616617,0.031293127685785294,0.0029828851111233234
194,0.0015061378944665194,0.03186153993010521,0.0030122757889330387
195,0.001474478398449719,0.03147673234343529,0.002948956796899438
196,0.0014832543674856424,0.03165652975440025,0.002966508734971285
197,0.0015201251953840256,0.0316888652741909,0.003040250390768051
198,0.0015098981093615294,0.03138106316328049,0.0030197962187230587
199,0.00148585916031152,0.031144408509135246,0.00297171832062304
200,0.0015064709587022662,0.03171714022755623,0.0030129419174045324
201,0.0015307427383959293,0.03148682788014412,0.0030614854767918587
202,0.0015289945295080543,0.03155074268579483,0.0030579890590161085
203,0.0014891978353261948,0.030914992094039917,0.0029783956706523895
204,0.001525524421595037,0.03167429566383362,0.003051048843190074
205,0.001487883273512125,0.03155646473169327,0.00297576654702425
206,0.0015068858629092574,0.03147071972489357,0.003013771725818515
207,0.0015080614248290658,0.031560953706502914,0.0030161228496581316
208,0.0014578754780814052,0.031094485893845558,0.0029157509561628103
209,0.0015244859969243407,0.03160600736737251,0.0030489719938486814
210,0.0015134591376408935,0.03140220046043396,0.003026918275281787
211,0.0014885758282616735,0.0312225129455328,0.002977151656523347
212,0.0015195589512586594,0.03162362053990364,0.0030391179025173187
213,0.0015308541478589177,0.031422972679138184,0.0030617082957178354
214,0.0015093401307240129,0.03132443130016327,0.0030186802614480257
215,0.0015077950665727258,0.03156653046607971,0.0030155901331454515
216,0.0015212399885058403,0.031037190929055214,0.0030424799770116806
217,0.0015056689735502005,0.031800784170627594,0.003011337947100401
218,0.0015020010760053992,0.03124711848795414,0.0030040021520107985
219,0.0015040846774354577,0.030926333740353584,0.0030081693548709154
220,0.0015340644167736173,0.03121352195739746,0.0030681288335472345
221,0.0015072607202455401,0.031247399747371674,0.0030145214404910803
222,0.0015175555599853396,0.03135598450899124,0.0030351111199706793
223,0.0015074339462444186,0.03152542561292648,0.0030148678924888372
224,0.0014906757278367877,0.03152525797486305,0.0029813514556735754
225,0.0014975358499214053,0.03119674324989319,0.0029950716998428106
226,0.0014976715901866555,0.03160431981086731,0.002995343180373311
227,0.001484776847064495,0.03141059726476669,0.00296955369412899
228,0.0014941012486815453,0.03139759227633476,0.0029882024973630905
229,0.001518227974884212,0.03183204308152199,0.003036455949768424
230,0.0014869883889332414,0.03148600459098816,0.0029739767778664827
231,0.001493884832598269,0.031062547117471695,0.002987769665196538
232,0.00147999485488981,0.03165244311094284,0.00295998970977962
233,0.0015133250271901488,0.031030874699354172,0.0030266500543802977
234,0.0015007334295660257,0.03148075193166733,0.0030014668591320515
235,0.001514323172159493,0.031047046184539795,0.003028646344318986
236,0.0014913090271875262,0.031038334593176842,0.0029826180543750525
237,0.0015134273562580347,0.03151005879044533,0.0030268547125160694
238,0.001526409643702209,0.03159534931182861,0.003052819287404418
239,0.0015037384582683444,0.031413450837135315,0.003007476916536689
240,0.0015168569516390562,0.031280577182769775,0.0030337139032781124
241,0.0014954442158341408,0.031160011887550354,0.0029908884316682816
242,0.001507932087406516,0.03154069185256958,0.003015864174813032
243,0.0015357277588918805,0.03129544109106064,0.003071455517783761
244,0.001489860936999321,0.03140795975923538,0.002979721873998642
245,0.0015275261830538511,0.031226862221956253,0.0030550523661077023
246,0.0015241029905155301,0.03113662637770176,0.0030482059810310602
247,0.00151201116386801,0.03157733380794525,0.00302402232773602
248,0.0015128978993743658,0.031248584389686584,0.0030257957987487316
249,0.0015045282198116183,0.031832583248615265,0.0030090564396232367
250,0.00151152687612921,0.03153139352798462,0.00302305375225842
251,0.0014856976922601461,0.031138725578784943,0.0029713953845202923
252,0.001477399142459035,0.03135479614138603,0.00295479828491807
253,0.001493360847234726,0.031460803002119064,0.002986721694469452
254,0.0015185712836682796,0.03149640932679176,0.0030371425673365593
255,0.0014784018276259303,0.03185908868908882,0.0029568036552518606
256,0.001483556698076427,0.03144421800971031,0.002967113396152854
257,0.0015008952468633652,0.031395073980093,0.0030017904937267303
258,0.0015045010950416327,0.031057756394147873,0.0030090021900832653
259,0.001490219496190548,0.03120795637369156,0.002980438992381096
260,0.0014993642689660192,0.03173954039812088,0.0029987285379320383
261,0.0015063970349729061,0.031292956322431564,0.0030127940699458122
262,0.001518882461823523,0.031442590057849884,0.003037764923647046
263,0.0015078026335686445,0.031170496717095375,0.003015605267137289
264,0.001506069558672607,0.03150460124015808,0.003012139117345214
265,0.0014995584497228265,0.03148094564676285,0.002999116899445653
266,0.001483931322582066,0.03157362341880798,0.002967862645164132
267,0.0015064526814967394,0.031090915203094482,0.0030129053629934788
268,0.0015202900394797325,0.031528402119874954,0.003040580078959465
269,0.0015071309171617031,0.03128323331475258,0.0030142618343234062
270,0.0015181764028966427,0.03129469230771065,0.0030363528057932854
271,0.0015083664329722524,0.03154889494180679,0.0030167328659445047
272,0.0015297699719667435,0.03168554604053497,0.003059539943933487
273,0.0014662471367046237,0.031157134100794792,0.0029324942734092474
274,0.0014863292453810573,0.031017275527119637,0.0029726584907621145
275,0.0014886651188135147,0.031309615820646286,0.0029773302376270294
276,0.001487405621446669,0.03110109269618988,0.002974811242893338
277,0.0015119408490136266,0.03151925280690193,0.003023881698027253
278,0.001473408890888095,0.03143526613712311,0.00294681778177619
279,0.0015040443977341056,0.03156302496790886,0.003008088795468211
280,0.0015112903201952577,0.030847424641251564,0.0030225806403905153
281,0.001515919342637062,0.031259503215551376,0.003031838685274124
282,0.00147067301440984,0.031184570863842964,0.00294134602881968
283,0.0015239978674799204,0.03160542622208595,0.0030479957349598408
284,0.0015052786329761147,0.03143762797117233,0.0030105572659522295
285,0.0014819978969171643,0.03136442229151726,0.0029639957938343287
286,0.0014855456538498402,0.031244980171322823,0.0029710913076996803
287,0.0015029505593702197,0.031933918595314026,0.0030059011187404394
288,0.0015322377439588308,0.0311763733625412,0.0030644754879176617
289,0.001489168731495738,0.0314776673913002,0.002978337462991476
290,0.0014804735546931624,0.031679667532444,0.002960947109386325
291,0.0014834960456937551,0.031359393149614334,0.0029669920913875103
292,0.001521750702522695,0.031419746577739716,0.00304350140504539
293,0.0015090114902704954,0.03133204206824303,0.003018022980540991
294,0.0014919595560058951,0.03135089576244354,0.0029839191120117903
295,0.0015119711169973016,0.03141510486602783,0.003023942233994603
296,0.0014662652974948287,0.031305380165576935,0.0029325305949896574
297,0.0015035868855193257,0.031073110178112984,0.0030071737710386515
298,0.0015082145109772682,0.03128501772880554,0.0030164290219545364
299,0.0015034711686894298,0.030875589698553085,0.0030069423373788595
300,0.0015106418868526816,0.03147568181157112,0.0030212837737053633
301,0.001493586227297783,0.03146815672516823,0.002987172454595566
302,0.0014886559220030904,0.031018704175949097,0.0029773118440061808
303,0.0015147565864026546,0.031374167650938034,0.0030295131728053093
304,0.0015044675674289465,0.03161926567554474,0.003008935134857893
305,0.0014876374043524265,0.03112920932471752,0.002975274808704853
306,0.0014828279381617904,0.03145260363817215,0.0029656558763235807
307,0.001529985573142767,0.03126146271824837,0.003059971146285534
308,0.0015042159939184785,0.03161688521504402,0.003008431987836957
309,0.001471439958550036,0.03115103580057621,0.002942879917100072
310,0.0015086568892002106,0.03144267946481705,0.003017313778400421
311,0.001506473170593381,0.03119116835296154,0.003012946341186762
312,0.0014634610852226615,0.03159445896744728,0.002926922170445323
313,0.0014921377878636122,0.031184446066617966,0.0029842755757272243
314,0.0014809563290327787,0.030810032039880753,0.0029619126580655575
315,0.0014892808394506574,0.031241800636053085,0.0029785616789013147
316,0.0014718391466885805,0.031211979687213898,0.002943678293377161
317,0.001479677390307188,0.0314590260386467,0.002959354780614376
318,0.0014898820081725717,0.031222689896821976,0.0029797640163451433
319,0.0014933909988030791,0.031252115964889526,0.0029867819976061583
320,0.0014878778019919991,0.031184975057840347,0.0029757556039839983
321,0.0014801350189372897,0.03090275451540947,0.0029602700378745794
322,0.0014942546840757132,0.031037792563438416,0.0029885093681514263
323,0.0015049648936837912,0.031269755214452744,0.0030099297873675823
324,0.001514504780061543,0.030896510928869247,0.003029009560123086
325,0.0014960888074710965,0.031175030395388603,0.002992177614942193
326,0.0015048393979668617,0.03134112432599068,0.0030096787959337234
327,0.001470829825848341,0.031060494482517242,0.002941659651696682
328,0.0014765352243557572,0.031221693381667137,0.0029530704487115145
329,0.001518363249488175,0.031432658433914185,0.00303672649897635
330,0.0014774183509871364,0.03123331442475319,0.0029548367019742727
331,0.001472917036153376,0.030781159177422523,0.002945834072306752
332,0.0014965635491535068,0.031111551448702812,0.0029931270983070135
333,0.001511257840320468,0.03132873773574829,0.003022515680640936
334,0.0015083013568073511,0.03141758590936661,0.0030166027136147022
335,0.001500426442362368,0.031083671376109123,0.003000852884724736
336,0.001510060508735478,0.03152231499552727,0.003020121017470956
337,0.0014715255238115788,0.03139427676796913,0.0029430510476231575
338,0.0014879890950396657,0.031084757298231125,0.0029759781900793314
339,0.0015092026442289352,0.03122027963399887,0.0030184052884578705
340,0.0014788794796913862,0.03127582371234894,0.0029577589593827724
341,0.001458196435123682,0.031105881556868553,0.002916392870247364
342,0.0014876995701342821,0.03126617521047592,0.0029753991402685642
343,0.0014738929457962513,0.03157777711749077,0.0029477858915925026
344,0.0015023178420960903,0.031113412231206894,0.0030046356841921806
345,0.0014928430318832397,0.031110189855098724,0.0029856860637664795
346,0.0015069893561303616,0.031174246221780777,0.003013978712260723
347,0.0015070470981299877,0.03113122656941414,0.0030140941962599754
348,0.001518821227364242,0.031514305621385574,0.003037642454728484
349,0.001502889790572226,0.03146469593048096,0.003005779581144452
350,0.0015012524090707302,0.031571101397275925,0.0030025048181414604
351,0.0015114990528672934,0.03132035583257675,0.0030229981057345867
352,0.001509753055870533,0.03119114227592945,0.003019506111741066
353,0.0014845577534288168,0.031446680426597595,0.0029691155068576336
354,0.0014988170005381107,0.03075721487402916,0.0029976340010762215
355,0.0014668172225356102,0.031162558123469353,0.0029336344450712204
356,0.0014887868892401457,0.031428493559360504,0.0029775737784802914
357,0.0015165749937295914,0.031489335000514984,0.0030331499874591827
358,0.0014903208939358592,0.031411297619342804,0.0029806417878717184
359,0.0014844377292320132,0.03131301328539848,0.0029688754584640265
360,0.0014880412491038442,0.031129680573940277,0.0029760824982076883
361,0.0014817786868661642,0.03114677406847477,0.0029635573737323284
362,0.0015130286337807775,0.031137516722083092,0.003026057267561555
363,0.0015118446899577975,0.031358979642391205,0.003023689379915595
364,0.0015096190618351102,0.031083954498171806,0.0030192381236702204
365,0.0014779357006773353,0.031091656535863876,0.0029558714013546705
366,0.0014873581239953637,0.031251460313797,0.0029747162479907274
367,0.0014939713291823864,0.031191067770123482,0.002987942658364773
368,0.0014959796098992229,0.03117060661315918,0.0029919592197984457
369,0.0015237436164170504,0.03152626007795334,0.0030474872328341007
370,0.0015002444852143526,0.03122090920805931,0.003000488970428705
371,0.0014971827622503042,0.031045395880937576,0.0029943655245006084
372,0.0014886202989146113,0.031196242198348045,0.0029772405978292227
373,0.001481190207414329,0.03119552507996559,0.002962380414828658
374,0.0014914664207026362,0.03135420009493828,0.0029829328414052725
375,0.0014853039756417274,0.031148860231041908,0.002970607951283455
376,0.001518149976618588,0.030732594430446625,0.003036299953237176
377,0.001499845297075808,0.031070411205291748,0.002999690594151616
378,0.0014577334513887763,0.031208394095301628,0.0029154669027775526
379,0.0014898556983098388,0.031044693663716316,0.0029797113966196775
380,0.001497906749136746,0.03114820085465908,0.002995813498273492
381,0.0014956910163164139,0.0314897820353508,0.0029913820326328278
382,0.0015136380679905415,0.03092828579246998,0.003027276135981083
383,0.0014855776680633426,0.030736060813069344,0.002971155336126685
384,0.0015256310580298305,0.031362567096948624,0.003051262116059661
385,0.0014984139706939459,0.03131026029586792,0.0029968279413878918
386,0.0014890601160004735,0.031079567968845367,0.002978120232000947
387,0.001489347661845386,0.030949098989367485,0.002978695323690772
388,0.001468697446398437,0.0311596542596817,0.002937394892796874
389,0.0014791656285524368,0.031229564920067787,0.0029583312571048737
390,0.001503997715190053,0.031319160014390945,0.003007995430380106
391,0.0014864237746223807,0.03131631761789322,0.0029728475492447615
392,0.0015281508676707745,0.031238729134202003,0.003056301735341549
393,0.0014893346233293414,0.031044475734233856,0.002978669246658683
394,0.0015008051414042711,0.031115923076868057,0.0030016102828085423
395,0.0014629466459155083,0.031207440420985222,0.0029258932918310165
396,0.0014923944836482406,0.030971597880125046,0.002984788967296481
397,0.0014861278468742967,0.03129521757364273,0.0029722556937485933
398,0.0015097986906766891,0.031147295609116554,0.0030195973813533783
399,0.0014759626938030124,0.03106275014579296,0.0029519253876060247
400,0.001488430774770677,0.03131994232535362,0.002976861549541354
401,0.0014883101684972644,0.031325943768024445,0.0029766203369945288
402,0.00146519357804209,0.03128616884350777,0.00293038715608418
403,0.0015019599813967943,0.031325675547122955,0.0030039199627935886
404,0.0014806777471676469,0.031200217083096504,0.0029613554943352938
405,0.0014888332225382328,0.03140132129192352,0.0029776664450764656
406,0.0014841180527582765,0.030879320576786995,0.002968236105516553
407,0.0015050609363242984,0.03105762042105198,0.0030101218726485968
408,0.0014829805586487055,0.031460147351026535,0.002965961117297411
409,0.0014798041665926576,0.030984310433268547,0.002959608333185315
410,0.0015087745850905776,0.030972162261605263,0.003017549170181155
411,0.0015011318027973175,0.030949434265494347,0.003002263605594635
412,0.0014864829136058688,0.03126497194170952,0.0029729658272117376
413,0.0014769138069823384,0.03159237280488014,0.002953827613964677
414,0.001477918354794383,0.0313015915453434,0.002955836709588766
415,0.0015185133088380098,0.031235799193382263,0.0030370266176760197
416,0.0014900477835908532,0.031215596944093704,0.0029800955671817064
417,0.0014759078621864319,0.031195703893899918,0.0029518157243728638
418,0.0014515743823722005,0.030899381265044212,0.002903148764744401
419,0.0014988791663199663,0.031151430681347847,0.0029977583326399326
420,0.001489278394728899,0.0311525110155344,0.002978556789457798
421,0.0014928149757906795,0.031621500849723816,0.002985629951581359
422,0.001473202370107174,0.031204406172037125,0.002946404740214348
423,0.001497649122029543,0.031242704018950462,0.002995298244059086
424,0.001486145076341927,0.031258344650268555,0.002972290152683854
425,0.0015049920184537768,0.03112807497382164,0.0030099840369075537
426,0.001490222755819559,0.031391218304634094,0.002980445511639118
427,0.0015081404708325863,0.03091694414615631,0.0030162809416651726
428,0.0014715391444042325,0.03153523430228233,0.002943078288808465
429,0.0014845423866063356,0.03144276514649391,0.0029690847732126713
430,0.0014913600170984864,0.031204812228679657,0.002982720034196973
431,0.0014963749563321471,0.03122595138847828,0.0029927499126642942
432,0.0014990473864600062,0.03137464448809624,0.0029980947729200125
433,0.001506916363723576,0.030937401577830315,0.003013832727447152
434,0.001513935043476522,0.03091922402381897,0.003027870086953044
435,0.0014690384268760681,0.0314103402197361,0.0029380768537521362
436,0.0014710254035890102,0.03147098422050476,0.0029420508071780205
437,0.0014909928431734443,0.0314706452190876,0.0029819856863468885
438,0.0014817166374996305,0.03154606372117996,0.002963433274999261
439,0.0014786890242248774,0.03156786039471626,0.0029573780484497547
440,0.0014865674311295152,0.03171287849545479,0.0029731348622590303
441,0.0014819108182564378,0.030904976651072502,0.0029638216365128756
442,0.0014727439265698195,0.030953876674175262,0.002945487853139639
443,0.001469049951992929,0.03135286271572113,0.002938099903985858
444,0.001479505910538137,0.031411442905664444,0.002959011821076274
445,0.0014997287653386593,0.03123363107442856,0.0029994575306773186
446,0.0014903624542057514,0.03099554218351841,0.002980724908411503
447,0.0014866468263790011,0.03150062635540962,0.0029732936527580023
448,0.0014848493738099933,0.031357232481241226,0.0029696987476199865
449,0.001458463491871953,0.03087776154279709,0.002916926983743906
450,0.0014994352823123336,0.03118661232292652,0.002998870564624667
451,0.0014903604751452804,0.031010955572128296,0.0029807209502905607
452,0.001483089872635901,0.030960004776716232,0.002966179745271802
453,0.001487153465859592,0.03108309954404831,0.002974306931719184
454,0.0015112437540665269,0.031018812209367752,0.0030224875081330538
455,0.0014971450436860323,0.031060632318258286,0.0029942900873720646
456,0.001450593234039843,0.030925974249839783,0.002901186468079686
457,0.0014647127827629447,0.03136580064892769,0.0029294255655258894
458,0.001488561276346445,0.031358279287815094,0.00297712255269289
459,0.0014747936511412263,0.03114914335310459,0.0029495873022824526
460,0.0014923179987818003,0.030973656103014946,0.0029846359975636005
461,0.0014951927587389946,0.031108593568205833,0.002990385517477989
462,0.0015105531783774495,0.03136094659566879,0.003021106356754899
463,0.0014675611164420843,0.031409066170454025,0.0029351222328841686
464,0.001467923168092966,0.03132234141230583,0.002935846336185932
465,0.00149455142673105,0.030843619257211685,0.0029891028534621
466,0.00147855409886688,0.03148984536528587,0.00295710819773376
467,0.0015008110785856843,0.031158089637756348,0.0030016221571713686
468,0.001510406844317913,0.03088563308119774,0.003020813688635826
469,0.0014723025960847735,0.031136024743318558,0.002944605192169547
470,0.001478375750593841,0.03133371099829674,0.002956751501187682
471,0.0014795270981267095,0.031351782381534576,0.002959054196253419
472,0.0014987839385867119,0.031051628291606903,0.0029975678771734238
473,0.001457937411032617,0.03138494864106178,0.002915874822065234
474,0.001494846073910594,0.031242797151207924,0.002989692147821188
475,0.0014881769893690944,0.03077067993581295,0.0029763539787381887
476,0.001496813609264791,0.03123583272099495,0.002993627218529582
477,0.0014791676076129079,0.03102457895874977,0.0029583352152258158
478,0.0014832870801910758,0.031270213425159454,0.0029665741603821516
479,0.001489946385845542,0.03156589716672897,0.002979892771691084
480,0.0014910741010680795,0.031012913212180138,0.002982148202136159
481,0.0014398600906133652,0.030968409031629562,0.0028797201812267303
482,0.0014988092007115483,0.031118404120206833,0.0029976184014230967
483,0.0014900092501193285,0.03130932152271271,0.002980018500238657
484,0.0014661543536931276,0.03132472559809685,0.0029323087073862553
485,0.0015012102667242289,0.031004775315523148,0.0030024205334484577
486,0.001484432490542531,0.031283870339393616,0.002968864981085062
487,0.0014847522834315896,0.031006330624222755,0.002969504566863179
488,0.001462929998524487,0.03089592419564724,0.002925859997048974
489,0.0014891132013872266,0.03136935457587242,0.002978226402774453
490,0.00149530207272619,0.03110729344189167,0.00299060414545238
491,0.0014775831950828433,0.031356025487184525,0.0029551663901656866
492,0.0014859570655971766,0.03155849128961563,0.002971914131194353
493,0.0014726605731993914,0.03136329725384712,0.0029453211463987827
494,0.0014737701276317239,0.031235970556735992,0.0029475402552634478
495,0.001483191386796534,0.03070148453116417,0.002966382773593068
496,0.001468062400817871,0.03093537874519825,0.002936124801635742
497,0.0014802494551986456,0.03121524676680565,0.002960498910397291
498,0.00147277454379946,0.031059909611940384,0.00294554908759892
499,0.0014866528799757361,0.031183674931526184,0.0029733057599514723
500,0.0014898020308464766,0.031248629093170166,0.002979604061692953
501,0.0014760366175323725,0.031125593930482864,0.002952073235064745
502,0.0015007167821750045,0.031130317598581314,0.003001433564350009
503,0.0014836343470960855,0.03129134699702263,0.002967268694192171
504,0.0015076142735779285,0.030932508409023285,0.003015228547155857
505,0.0014693280681967735,0.031134478747844696,0.002938656136393547
506,0.0015020776772871614,0.031040485948324203,0.0030041553545743227
507,0.001476411591283977,0.031211405992507935,0.002952823182567954
508,0.0014856753405183554,0.03095988929271698,0.0029713506810367107
509,0.001477726618759334,0.031282637268304825,0.002955453237518668
510,0.0014773410512134433,0.03143923729658127,0.0029546821024268866
511,0.0015020400751382113,0.03082231432199478,0.0030040801502764225
512,0.0015040833968669176,0.03135715052485466,0.0030081667937338352
513,0.0014371555298566818,0.030751174315810204,0.0028743110597133636
514,0.0014614134561270475,0.031478237360715866,0.002922826912254095
515,0.001488853245973587,0.03129167482256889,0.002977706491947174
516,0.0014839819632470608,0.03104492835700512,0.0029679639264941216
517,0.0015036683762446046,0.031050391495227814,0.003007336752489209
518,0.0014793167356401682,0.030848031863570213,0.0029586334712803364
519,0.0014889942249283195,0.031027095392346382,0.002977988449856639
520,0.0014920957619324327,0.031119748950004578,0.0029841915238648653
521,0.001500924350693822,0.030611999332904816,0.003001848701387644
522,0.0014647762291133404,0.031225085258483887,0.0029295524582266808
523,0.0014845915138721466,0.031440369784832,0.002969183027744293
524,0.0014688940718770027,0.03130505606532097,0.0029377881437540054
525,0.0014719264581799507,0.03119092620909214,0.0029438529163599014
526,0.001483212923631072,0.031102828681468964,0.002966425847262144
527,0.0014970641350373626,0.031205803155899048,0.002994128270074725
528,0.0014803692465648055,0.031054560095071793,0.002960738493129611
529,0.0014626012416556478,0.031085167080163956,0.0029252024833112955
530,0.001487518078647554,0.031306248158216476,0.002975036157295108
531,0.0014833812601864338,0.031088031828403473,0.0029667625203728676
532,0.0014693944249302149,0.03068697080016136,0.0029387888498604298
533,0.0014799581840634346,0.03119886852800846,0.002959916368126869
534,0.0014546309830620885,0.030987882986664772,0.002909261966124177
535,0.0014967449242249131,0.030673015862703323,0.0029934898484498262
536,0.0014728702371940017,0.03105243295431137,0.0029457404743880033
537,0.0014858325012028217,0.03155141696333885,0.0029716650024056435
538,0.0014582095900550485,0.030922679230570793,0.002916419180110097
539,0.0014960363041609526,0.031065011397004128,0.002992072608321905
540,0.0014613413950428367,0.03133164718747139,0.0029226827900856733
541,0.001475397846661508,0.031169887632131577,0.002950795693323016
542,0.0014894506894052029,0.031129516661167145,0.0029789013788104057
543,0.0014830242143943906,0.03153051435947418,0.002966048428788781
544,0.0014728084206581116,0.03099094144999981,0.002945616841316223
545,0.0014852805761620402,0.03115958347916603,0.0029705611523240805
546,0.0014638719148933887,0.031220339238643646,0.0029277438297867775
547,0.0014804210513830185,0.030973510816693306,0.002960842102766037
548,0.0014997064135968685,0.031095577403903008,0.002999412827193737
549,0.0015136233996599913,0.03121813014149666,0.0030272467993199825
550,0.0014487410662695765,0.03132493793964386,0.002897482132539153
551,0.00149432139005512,0.031087275594472885,0.00298864278011024
552,0.0014600438298657537,0.03114156424999237,0.0029200876597315073
553,0.0014944025315344334,0.031064307317137718,0.0029888050630688667
554,0.0014709074748679996,0.03112819790840149,0.002941814949735999
555,0.0014800862409174442,0.0308168176561594,0.0029601724818348885
556,0.0014743342762812972,0.03153884410858154,0.0029486685525625944
557,0.001492221374064684,0.031156284734606743,0.002984442748129368
558,0.0014765469823032618,0.03126613795757294,0.0029530939646065235
559,0.001468387432396412,0.03137155622243881,0.002936774864792824
560,0.0014879436930641532,0.03127578645944595,0.0029758873861283064
561,0.0014595829416066408,0.031060591340065002,0.0029191658832132816
562,0.0014805415412411094,0.03087395243346691,0.0029610830824822187
563,0.0014995827805250883,0.031146546825766563,0.0029991655610501766
564,0.0014701775508001447,0.031071528792381287,0.0029403551016002893
565,0.0014630253426730633,0.03095284290611744,0.0029260506853461266
566,0.001487528788857162,0.030728504061698914,0.002975057577714324
567,0.0014695713762193918,0.03112216107547283,0.0029391427524387836
568,0.001483097323216498,0.03071083314716816,0.002966194646432996
569,0.0014625386102125049,0.030879782512784004,0.0029250772204250097
570,0.0014845971018075943,0.031117236241698265,0.0029691942036151886
571,0.0014590042410418391,0.03143700212240219,0.0029180084820836782
572,0.0014905977295711637,0.031159162521362305,0.0029811954591423273
573,0.001502443803474307,0.03090209700167179,0.003004887606948614
574,0.0014734534779563546,0.03081752359867096,0.0029469069559127092
575,0.0014590411446988583,0.030946223065257072,0.0029180822893977165
576,0.0014753605937585235,0.030899109318852425,0.002950721187517047
577,0.0014404552057385445,0.031314603984355927,0.002880910411477089
578,0.0014790507266297936,0.031123913824558258,0.0029581014532595873
579,0.0014648922951892018,0.030866872519254684,0.0029297845903784037
580,0.0014615098480135202,0.03101460635662079,0.0029230196960270405
581,0.001473287004046142,0.030890589579939842,0.002946574008092284
582,0.0014637516578659415,0.030855225399136543,0.002927503315731883
583,0.001476240111514926,0.030596761032938957,0.002952480223029852
584,0.0014673402765765786,0.0309906043112278,0.0029346805531531572
585,0.0014962509740144014,0.03133721277117729,0.002992501948028803
586,0.001464997767470777,0.030760325491428375,0.002929995534941554
587,0.0014827308477833867,0.030929403379559517,0.0029654616955667734
588,0.0014752864371985197,0.03085085190832615,0.0029505728743970394
589,0.0014762063510715961,0.031368471682071686,0.0029524127021431923
590,0.0014909945894032717,0.03106541559100151,0.0029819891788065434
591,0.0014808716950938106,0.031091798096895218,0.002961743390187621
592,0.0014709463575854897,0.031200293451547623,0.0029418927151709795
593,0.0014489757595583797,0.030795317143201828,0.0028979515191167593
594,0.0014939879765734076,0.030928855761885643,0.0029879759531468153
595,0.0014862335519865155,0.03125494346022606,0.002972467103973031
596,0.0014899354428052902,0.030774008482694626,0.0029798708856105804
597,0.001488861977122724,0.03142789751291275,0.002977723954245448
598,0.0015126185026019812,0.031446829438209534,0.0030252370052039623
599,0.0014791664434596896,0.031106188893318176,0.0029583328869193792
600,0.0014904759591445327,0.031129078939557076,0.0029809519182890654
601,0.001497771474532783,0.03105238266289234,0.002995542949065566
602,0.0014749621041119099,0.031070368364453316,0.0029499242082238197
603,0.0014692170079797506,0.03081873431801796,0.0029384340159595013
604,0.0014666051138192415,0.030944623053073883,0.002933210227638483
605,0.0014473532792180777,0.03090463951230049,0.0028947065584361553
606,0.0014683089684695005,0.031406302005052567,0.002936617936939001
607,0.0014696872094646096,0.031038964167237282,0.0029393744189292192
608,0.0014921558322384953,0.03082827851176262,0.0029843116644769907
609,0.0014858799986541271,0.03149190545082092,0.0029717599973082542
610,0.0014816198963671923,0.0312853567302227,0.0029632397927343845
611,0.0014850939624011517,0.031239144504070282,0.0029701879248023033
612,0.001487064640969038,0.0312885046005249,0.002974129281938076
613,0.0014827549457550049,0.031109297648072243,0.0029655098915100098
614,0.0014777823816984892,0.031020808964967728,0.0029555647633969784
615,0.001471873838454485,0.031249692663550377,0.00294374767690897
616,0.0014987452886998653,0.031384553760290146,0.0029974905773997307
617,0.0014749412657693028,0.030893390998244286,0.0029498825315386057
618,0.00146024813875556,0.030799349769949913,0.00292049627751112
619,0.00148471025750041,0.03100997395813465,0.00296942051500082
620,0.0014797376934438944,0.031305719166994095,0.0029594753868877888
621,0.001489587128162384,0.030940374359488487,0.002979174256324768
622,0.001487793168053031,0.03103168122470379,0.002975586336106062
623,0.0014546002494171262,0.031206661835312843,0.0029092004988342524
624,0.0014738115714862943,0.03118050843477249,0.0029476231429725885
625,0.0014705718494951725,0.030920635908842087,0.002941143698990345
626,0.0014626323245465755,0.03097832389175892,0.002925264649093151
627,0.0014743558131158352,0.030870379880070686,0.0029487116262316704
628,0.0015016192337498069,0.030701158568263054,0.0030032384674996138
629,0.001471276511438191,0.03130435571074486,0.002942553022876382
630,0.0014785011298954487,0.03117143176496029,0.0029570022597908974
631,0.0014997913967818022,0.030914220958948135,0.0029995827935636044
632,0.0015070729423314333,0.030804209411144257,0.0030141458846628666
633,0.0014821458607912064,0.03070283867418766,0.0029642917215824127
634,0.0014780815690755844,0.030874203890562057,0.002956163138151169
635,0.0014704810455441475,0.030819285660982132,0.002940962091088295
636,0.0014893601182848215,0.031172839924693108,0.002978720236569643
637,0.0014446991262957454,0.030869830399751663,0.0028893982525914907
638,0.0014473168412223458,0.031187552958726883,0.0028946336824446917
639,0.0014577429974451661,0.03135203197598457,0.0029154859948903322
640,0.0014717555604875088,0.03075149469077587,0.0029435111209750175
641,0.001488318550400436,0.030955631285905838,0.002976637100800872
642,0.001476647099480033,0.031115278601646423,0.002953294198960066
643,0.0014789565466344357,0.030936704948544502,0.0029579130932688713
644,0.0014512266498059034,0.031311217695474625,0.002902453299611807
645,0.0014666342176496983,0.030581479892134666,0.0029332684352993965
646,0.0014807655243203044,0.031124142929911613,0.002961531048640609
647,0.0014491768088191748,0.03142757713794708,0.0028983536176383495
648,0.0014919594395905733,0.030961638316512108,0.0029839188791811466
649,0.0014923394192010164,0.030914995819330215,0.002984678838402033
650,0.0014703094493597746,0.030872726812958717,0.002940618898719549
651,0.0014417902566492558,0.03086237795650959,0.0028835805132985115
652,0.001480279490351677,0.031328149139881134,0.002960558980703354
653,0.0014730216935276985,0.030936788767576218,0.002946043387055397
654,0.0014864676631987095,0.030974453315138817,0.002972935326397419
655,0.0014882440445944667,0.031001610681414604,0.0029764880891889334
656,0.0014617327833548188,0.03085097298026085,0.0029234655667096376
657,0.0014798464253544807,0.030885180458426476,0.0029596928507089615
658,0.0014861734816804528,0.031025364995002747,0.0029723469633609056
659,0.0015010866336524487,0.031294867396354675,0.0030021732673048973
660,0.0014885709388181567,0.030962184071540833,0.0029771418776363134
661,0.0014965063892304897,0.031117141246795654,0.0029930127784609795
662,0.001469113165512681,0.03150763735175133,0.002938226331025362
663,0.001481137820519507,0.03074726276099682,0.002962275641039014
664,0.0014836187474429607,0.031172405928373337,0.0029672374948859215
665,0.001487738685682416,0.03065897710621357,0.002975477371364832
666,0.0014850860461592674,0.031226014718413353,0.002970172092318535
667,0.0014835137408226728,0.031009240075945854,0.0029670274816453457
668,0.001475185272283852,0.03063422627747059,0.002950370544567704
669,0.001489207148551941,0.031099850311875343,0.002978414297103882
670,0.0014675671700388193,0.031051546335220337,0.0029351343400776386
671,0.0014976058155298233,0.0309516079723835,0.0029952116310596466
672,0.0014812039444223046,0.031232500448822975,0.0029624078888446093
673,0.001495388220064342,0.030915474519133568,0.002990776440128684
674,0.0014792251167818904,0.03085520677268505,0.002958450233563781
675,0.0014624700415879488,0.03082532249391079,0.0029249400831758976
676,0.0014846214326098561,0.03096318244934082,0.0029692428652197123
677,0.0014928884338587523,0.03076888434588909,0.0029857768677175045
678,0.0014921927358955145,0.030910557135939598,0.002984385471791029
679,0.0014703221386298537,0.031379569321870804,0.0029406442772597075
680,0.0014565642923116684,0.030980324372649193,0.002913128584623337
681,0.0014740563929080963,0.030763311311602592,0.0029481127858161926
682,0.0014773468719795346,0.0308010745793581,0.0029546937439590693
683,0.001457938808016479,0.03127674013376236,0.002915877616032958
684,0.0015055655967444181,0.031087830662727356,0.0030111311934888363
685,0.0014608976198360324,0.03089948743581772,0.0029217952396720648
686,0.0014830803265795112,0.031036941334605217,0.0029661606531590223
687,0.0014771375572308898,0.031116267666220665,0.0029542751144617796
688,0.0014869329752400517,0.031064551323652267,0.0029738659504801035
689,0.0014895801432430744,0.031037554144859314,0.002979160286486149
690,0.001462487387470901,0.03118845820426941,0.002924974774941802
691,0.0014694007113575935,0.031051352620124817,0.002938801422715187
692,0.0014773914590477943,0.030905084684491158,0.0029547829180955887
693,0.0014639252331107855,0.03073582984507084,0.002927850466221571
694,0.0014746995875611901,0.030957244336605072,0.0029493991751223803
695,0.0014519115211442113,0.03142157196998596,0.0029038230422884226
696,0.001488570007495582,0.030764181166887283,0.002977140014991164
697,0.0014574950328096747,0.03078526258468628,0.0029149900656193495
698,0.001463146647438407,0.03133688122034073,0.002926293294876814
699,0.0014642160385847092,0.030795849859714508,0.0029284320771694183
700,0.0014694100245833397,0.030995305627584457,0.0029388200491666794
701,0.0014541546115651727,0.030781595036387444,0.0029083092231303453
702,0.0014716272708028555,0.031006166711449623,0.002943254541605711
703,0.0014885627897456288,0.03142311051487923,0.0029771255794912577
704,0.0014798451447859406,0.030883654952049255,0.0029596902895718813
705,0.001484486972913146,0.03142138570547104,0.002968973945826292
706,0.0014625665498897433,0.03088981844484806,0.0029251330997794867
707,0.0014636223204433918,0.031221581622958183,0.0029272446408867836
708,0.0014764841180294752,0.030547281727194786,0.0029529682360589504
709,0.0014861694071441889,0.030775200575590134,0.0029723388142883778
710,0.0014546148013323545,0.03139103949069977,0.002909229602664709
711,0.0014573783846572042,0.03090849332511425,0.0029147567693144083
712,0.0015026527689769864,0.031236672773957253,0.003005305537953973
713,0.0014820744981989264,0.030840769410133362,0.002964148996397853
714,0.0014866795390844345,0.030703537166118622,0.002973359078168869
715,0.001479325583204627,0.03103606589138508,0.002958651166409254
716,0.0014839924406260252,0.03109421394765377,0.0029679848812520504
717,0.0014862575335428119,0.031279344111680984,0.0029725150670856237
718,0.0014579070266336203,0.03097168542444706,0.0029158140532672405
719,0.0014466291759163141,0.030804427340626717,0.0028932583518326283
720,0.0014876178465783596,0.030914245173335075,0.002975235693156719
721,0.0014801357174292207,0.031055830419063568,0.0029602714348584414
722,0.0014521029079332948,0.030854560434818268,0.0029042058158665895
723,0.001479427213780582,0.031161174178123474,0.002958854427561164
724,0.001453520730137825,0.03113754838705063,0.00290704146027565
725,0.0014371451688930392,0.030909989029169083,0.0028742903377860785
726,0.0014678856823593378,0.03101879358291626,0.0029357713647186756
727,0.0014941615518182516,0.031020045280456543,0.0029883231036365032
728,0.001482295454479754,0.030912093818187714,0.002964590908959508
729,0.0014685102505609393,0.030877450481057167,0.0029370205011218786
730,0.0014780288329347968,0.030868828296661377,0.0029560576658695936
731,0.0014547361060976982,0.030842052772641182,0.0029094722121953964
732,0.0014459938975051045,0.03123389184474945,0.002891987795010209
733,0.001456734724342823,0.030914783477783203,0.002913469448685646
734,0.001484390813857317,0.03111230954527855,0.002968781627714634
735,0.0014731930568814278,0.03057996742427349,0.0029463861137628555
736,0.0014889903832226992,0.030976302921772003,0.0029779807664453983
737,0.0014692083932459354,0.030758528038859367,0.002938416786491871
738,0.0014786849496886134,0.030981678515672684,0.002957369899377227
739,0.001478760503232479,0.03107585571706295,0.002957521006464958
740,0.0014743783976882696,0.03061889298260212,0.0029487567953765392
741,0.001507092616520822,0.030794955790042877,0.003014185233041644
742,0.0014779280172660947,0.031031716614961624,0.0029558560345321894
743,0.001452348311431706,0.03079826384782791,0.002904696622863412
744,0.00147875992115587,0.03121720626950264,0.00295751984231174
745,0.001492840237915516,0.030913565307855606,0.002985680475831032
746,0.0014537166571244597,0.03147723525762558,0.0029074333142489195
747,0.0014616468688473105,0.03123483620584011,0.002923293737694621
748,0.0014856032794341445,0.03087010234594345,0.002971206558868289
749,0.001450578449293971,0.030648890882730484,0.002901156898587942
750,0.0014787499094381928,0.031082352623343468,0.0029574998188763857
751,0.0014708209782838821,0.030670715495944023,0.0029416419565677643
752,0.0014890130842104554,0.030831225216388702,0.002978026168420911
753,0.0014618334826081991,0.030787581577897072,0.0029236669652163982
754,0.001460666535422206,0.03158477321267128,0.002921333070844412
755,0.001480880775488913,0.0312382560223341,0.002961761550977826
756,0.0014519358519464731,0.030538948252797127,0.0029038717038929462
757,0.0014559682458639145,0.03142847865819931,0.002911936491727829
758,0.0014691388932988048,0.03115719184279442,0.0029382777865976095
759,0.0014372949954122305,0.030668430030345917,0.002874589990824461
760,0.0014785411767661572,0.03071015700697899,0.0029570823535323143
761,0.0014643389731645584,0.03089594468474388,0.002928677946329117
762,0.001479317550547421,0.030962707474827766,0.002958635101094842
763,0.0014577108668163419,0.031214257702231407,0.0029154217336326838
764,0.0014625027542933822,0.031167173758149147,0.0029250055085867643
765,0.0014783638762310147,0.03132607787847519,0.0029567277524620295
766,0.0014537111856043339,0.03093288280069828,0.0029074223712086678
767,0.0014773370930925012,0.030984852463006973,0.0029546741861850023
768,0.0014665251364931464,0.03076961636543274,0.002933050272986293
769,0.0014786198735237122,0.03118041157722473,0.0029572397470474243
770,0.001480087754316628,0.030813831835985184,0.002960175508633256
771,0.0014796742470934987,0.030886659398674965,0.0029593484941869974
772,0.001491615199483931,0.030836299061775208,0.002983230398967862
773,0.0014628857607021928,0.030908402055501938,0.0029257715214043856
774,0.0014629886718466878,0.030914727598428726,0.0029259773436933756
775,0.0014618090353906155,0.03064648061990738,0.002923618070781231
776,0.0014858196955174208,0.030924499034881592,0.0029716393910348415
777,0.0014644713373854756,0.03140600025653839,0.0029289426747709513
778,0.0014795297756791115,0.030891109257936478,0.002959059551358223
779,0.0014409295981749892,0.030987054109573364,0.0028818591963499784
780,0.0014709660317748785,0.030749769881367683,0.002941932063549757
781,0.0014709110837429762,0.03075348399579525,0.0029418221674859524
782,0.0014670917298644781,0.03089861385524273,0.0029341834597289562
783,0.0014640858862549067,0.03113514371216297,0.0029281717725098133
784,0.0014757399912923574,0.03108816221356392,0.002951479982584715
785,0.001460024155676365,0.030922817066311836,0.00292004831135273
786,0.0014643464237451553,0.03131547197699547,0.0029286928474903107
787,0.001493755728006363,0.030921949073672295,0.002987511456012726
788,0.0014820126816630363,0.030964341014623642,0.0029640253633260727
789,0.0014673488913103938,0.0308681707829237,0.0029346977826207876
790,0.0014638493303209543,0.031126119196414948,0.0029276986606419086
791,0.0015000620624050498,0.03123694472014904,0.0030001241248100996
792,0.0014491426991298795,0.030608830973505974,0.002898285398259759
793,0.0014702461194247007,0.03079095296561718,0.0029404922388494015
794,0.0014593263622373343,0.030805448070168495,0.0029186527244746685
795,0.001475880155339837,0.030637037009000778,0.002951760310679674
796,0.0014860478695482016,0.030826983973383904,0.002972095739096403
797,0.0014559951378032565,0.03105541132390499,0.002911990275606513
798,0.0014742441708222032,0.031057650223374367,0.0029484883416444063
799,0.0014590731589123607,0.03061525523662567,0.0029181463178247213
800,0.0014464788837358356,0.03106021136045456,0.002892957767471671
801,0.0014794039307162166,0.030941814184188843,0.002958807861432433
802,0.0014528300380334258,0.030935049057006836,0.0029056600760668516
803,0.0014860646333545446,0.031212428584694862,0.0029721292667090893
804,0.0014791853027418256,0.031178519129753113,0.002958370605483651
805,0.0014702501939609647,0.031138824298977852,0.0029405003879219294
806,0.0014516422525048256,0.030690474435687065,0.002903284505009651
807,0.0014716291334480047,0.031089361757040024,0.0029432582668960094
808,0.0014685336500406265,0.030783671885728836,0.002937067300081253
809,0.0014875096967443824,0.03075791709125042,0.0029750193934887648
810,0.0014768524561077356,0.03095247969031334,0.0029537049122154713
811,0.00148306367918849,0.030860750004649162,0.00296612735837698
812,0.0014792293077334762,0.031091727316379547,0.0029584586154669523
813,0.0014556740643456578,0.030805297195911407,0.0029113481286913157
814,0.0014794582966715097,0.03070010617375374,0.0029589165933430195
815,0.0014749654801562428,0.030797477811574936,0.0029499309603124857
816,0.001480811508372426,0.030829772353172302,0.002961623016744852
817,0.0014806800754740834,0.030644290149211884,0.002961360150948167
818,0.0014619601424783468,0.03098415769636631,0.0029239202849566936
819,0.0014814028982073069,0.030854081735014915,0.0029628057964146137
820,0.0014655833365395665,0.03094656765460968,0.002931166673079133
821,0.0014671027893200517,0.03122955560684204,0.0029342055786401033
822,0.0014710789546370506,0.031132260337471962,0.0029421579092741013
823,0.0014734466094523668,0.030792975798249245,0.0029468932189047337
824,0.0014628488570451736,0.0305540282279253,0.0029256977140903473
825,0.0014394362224265933,0.03130346164107323,0.0028788724448531866
826,0.0014795934548601508,0.030804481357336044,0.0029591869097203016
827,0.0014624681789427996,0.03067883662879467,0.002924936357885599
828,0.001476419041864574,0.031129198148846626,0.002952838083729148
829,0.00145027507096529,0.031106682494282722,0.00290055014193058
830,0.0014767494285479188,0.03063320554792881,0.0029534988570958376
831,0.0014690638054162264,0.030645297840237617,0.0029381276108324528
832,0.00145706906914711,0.030705196782946587,0.00291413813829422
833,0.0014849817380309105,0.031088298186659813,0.002969963476061821
834,0.0014751148410141468,0.03081630915403366,0.0029502296820282936
835,0.0014586069155484438,0.03091551549732685,0.0029172138310968876
836,0.0014843330718576908,0.031030122190713882,0.0029686661437153816
837,0.0014717458980157971,0.0314125157892704,0.0029434917960315943
838,0.0014651285018771887,0.03123163804411888,0.0029302570037543774
839,0.0014705256326124072,0.030789019539952278,0.0029410512652248144
840,0.001414240337908268,0.03093934804201126,0.002828480675816536
841,0.0014803112717345357,0.030861282721161842,0.0029606225434690714
842,0.0014771753922104836,0.030671579763293266,0.002954350784420967
843,0.0014762633945792913,0.03068016842007637,0.0029525267891585827
844,0.0014706135261803865,0.030615122988820076,0.002941227052360773
845,0.0014639494474977255,0.030578481033444405,0.002927898894995451
846,0.0014755823649466038,0.03119334764778614,0.0029511647298932076
847,0.001469483831897378,0.030672410503029823,0.002938967663794756
848,0.0014668579678982496,0.030586637556552887,0.0029337159357964993
849,0.0014654570259153843,0.031123129650950432,0.0029309140518307686
850,0.0014514331705868244,0.03121807798743248,0.002902866341173649
851,0.001450632931664586,0.031102437525987625,0.002901265863329172
852,0.0014467100845649838,0.03067067079246044,0.0028934201691299677
853,0.0014765054220333695,0.031013723462820053,0.002953010844066739
854,0.00144033576361835,0.03090858645737171,0.0028806715272367
855,0.0014773817965760827,0.030577465891838074,0.0029547635931521654
856,0.0014785451348870993,0.03071601502597332,0.0029570902697741985
857,0.0014916250947862864,0.030775990337133408,0.0029832501895725727
858,0.0014648884534835815,0.031023580580949783,0.002929776906967163
859,0.0014702747575938702,0.03053945302963257,0.0029405495151877403
860,0.001439579646103084,0.031190339475870132,0.002879159292206168
861,0.0014549550833180547,0.031125223264098167,0.0029099101666361094
862,0.0014857975766062737,0.030810508877038956,0.0029715951532125473
863,0.001488681067712605,0.03079243190586567,0.00297736213542521
864,0.0014992711367085576,0.03089815005660057,0.002998542273417115
865,0.0014539817348122597,0.0310068242251873,0.0029079634696245193
866,0.001482651336118579,0.030641909688711166,0.002965302672237158
867,0.001440595486201346,0.031174609437584877,0.002881190972402692
868,0.0014640447916463017,0.030939500778913498,0.0029280895832926035
869,0.0014571287902072072,0.03084796853363514,0.0029142575804144144
870,0.001477072131820023,0.030972786247730255,0.002954144263640046
871,0.001462993212044239,0.03072058968245983,0.002925986424088478
872,0.0014540267875418067,0.03074919991195202,0.0029080535750836134
873,0.0014676081482321024,0.030771976336836815,0.002935216296464205
874,0.0014767638640478253,0.030723003670573235,0.0029535277280956507
875,0.0014529888285323977,0.030661268159747124,0.0029059776570647955
876,0.0014576376415789127,0.030987808480858803,0.0029152752831578255
877,0.0014850238803774118,0.03094417415559292,0.0029700477607548237
878,0.0014740368351340294,0.030673209577798843,0.0029480736702680588
879,0.001460858853533864,0.030664801597595215,0.002921717707067728
880,0.0014698388986289501,0.031094186007976532,0.0029396777972579002
881,0.0014430402079597116,0.030478399246931076,0.002886080415919423
882,0.0014525869628414512,0.0305881779640913,0.0029051739256829023
883,0.0014491452602669597,0.031189357861876488,0.0028982905205339193
884,0.0014677868457511067,0.0312364362180233,0.0029355736915022135
885,0.001482862513512373,0.030764201655983925,0.002965725027024746
886,0.0014615203253924847,0.03074590116739273,0.0029230406507849693
887,0.001445803907699883,0.030386177822947502,0.002891607815399766
888,0.0014698130544275045,0.03094865009188652,0.002939626108855009
889,0.0014475828502327204,0.030837448313832283,0.0028951657004654408
890,0.0014814300229772925,0.030849479138851166,0.002962860045954585
891,0.001460993429645896,0.030791573226451874,0.002921986859291792
892,0.0014710472896695137,0.030468909069895744,0.0029420945793390274
893,0.0014681247994303703,0.03081659972667694,0.0029362495988607407
894,0.001451350748538971,0.030451752245426178,0.002902701497077942
895,0.0014607940101996064,0.030870867893099785,0.002921588020399213
896,0.0014633007813245058,0.03054789826273918,0.0029266015626490116
897,0.0014720485778525472,0.031082529574632645,0.0029440971557050943
898,0.0014811174478381872,0.03136206045746803,0.0029622348956763744
899,0.0014625184703618288,0.03110164776444435,0.0029250369407236576
900,0.0014665710041299462,0.030629603192210197,0.0029331420082598925
901,0.0014484579442068934,0.031235527247190475,0.002896915888413787
902,0.0014847457641735673,0.03070058301091194,0.0029694915283471346
903,0.0014762269565835595,0.03122645616531372,0.002952453913167119
904,0.0014686589129269123,0.03079484961926937,0.0029373178258538246
905,0.0014575205277651548,0.030965052545070648,0.0029150410555303097
906,0.001465660985559225,0.03102639876306057,0.00293132197111845
907,0.001450892654247582,0.030843082815408707,0.002901785308495164
908,0.001450632349587977,0.03092295676469803,0.002901264699175954
909,0.0014625624753534794,0.030805576592683792,0.0029251249507069588
910,0.0014661240857094526,0.030857495963573456,0.0029322481714189053
911,0.0014721326297149062,0.03101423941552639,0.0029442652594298124
912,0.0014663051115348935,0.03104761429131031,0.002932610223069787
913,0.001454041339457035,0.030793244019150734,0.00290808267891407
914,0.0014565138844773173,0.030689416453242302,0.0029130277689546347
915,0.001442524022422731,0.031054068356752396,0.002885048044845462
916,0.0014913735212758183,0.03068975917994976,0.0029827470425516367
917,0.0014840681105852127,0.03057243302464485,0.0029681362211704254
918,0.001451558549888432,0.031037036329507828,0.002903117099776864
919,0.0014595903921872377,0.03058445081114769,0.0029191807843744755
920,0.0014681637985631824,0.030684025958180428,0.0029363275971263647
921,0.0014843916287645698,0.030904002487659454,0.0029687832575291395
922,0.001483601052314043,0.031127769500017166,0.002967202104628086
923,0.0014720916515216231,0.0306685958057642,0.0029441833030432463
924,0.0014564705779775977,0.030967650935053825,0.0029129411559551954
925,0.0014398881467059255,0.030713440850377083,0.002879776293411851
926,0.0014633729588240385,0.030984042212367058,0.002926745917648077
927,0.001459090388379991,0.030456699430942535,0.002918180776759982
928,0.0014665088383480906,0.030461817979812622,0.0029330176766961813
929,0.001464903587475419,0.030603429302573204,0.002929807174950838
930,0.001480036647990346,0.031088577583432198,0.002960073295980692
931,0.0014445815468207002,0.03073023073375225,0.0028891630936414003
932,0.001472722040489316,0.030897989869117737,0.002945444080978632
933,0.0014542166609317064,0.030633611604571342,0.002908433321863413
934,0.0014744028449058533,0.030845437198877335,0.0029488056898117065
935,0.0014800619101151824,0.03085065260529518,0.002960123820230365
936,0.0014644033508375287,0.03082781471312046,0.0029288067016750574
937,0.0014615689869970083,0.03071996383368969,0.0029231379739940166
938,0.0014633104437962174,0.03118033893406391,0.002926620887592435
939,0.0014580149436369538,0.031030360609292984,0.0029160298872739077
940,0.0014751392882317305,0.030787790194153786,0.002950278576463461
941,0.0014687778893858194,0.030609166249632835,0.002937555778771639
942,0.001458212616853416,0.03108561411499977,0.002916425233706832
943,0.001473024021834135,0.030709542334079742,0.00294604804366827
944,0.0014915368519723415,0.030981240794062614,0.002983073703944683
945,0.001475440338253975,0.030953343957662582,0.00295088067650795
946,0.0014942504931241274,0.03044884093105793,0.0029885009862482548
947,0.0014429520815610886,0.031022589653730392,0.002885904163122177
948,0.00146224326454103,0.030832422897219658,0.00292448652908206
949,0.0014714149292558432,0.030898792669177055,0.0029428298585116863
950,0.0014451091410592198,0.03064751997590065,0.0028902182821184397
951,0.0014821551740169525,0.030982131138443947,0.002964310348033905
952,0.0014762426726520061,0.0307499710470438,0.0029524853453040123
953,0.001442134496755898,0.03090490587055683,0.002884268993511796
954,0.0014441466191783547,0.030830422416329384,0.0028882932383567095
955,0.001454619225114584,0.030681995674967766,0.002909238450229168
956,0.0014772628201171756,0.031165530905127525,0.002954525640234351
957,0.0014688121154904366,0.030902879312634468,0.002937624230980873
958,0.0014661392197012901,0.030913837254047394,0.0029322784394025803
959,0.0014564385637640953,0.03065888211131096,0.0029128771275281906
960,0.0014798387419432402,0.030657902359962463,0.0029596774838864803
961,0.001459084334783256,0.030959082767367363,0.002918168669566512
962,0.0014529780019074678,0.030620688572525978,0.0029059560038149357
963,0.00148081686347723,0.030724601820111275,0.00296163372695446
964,0.0014326495584100485,0.030610917136073112,0.002865299116820097
965,0.0014584286836907268,0.030471939593553543,0.0029168573673814535
966,0.0014688140945509076,0.030586281791329384,0.0029376281891018152
967,0.0014506165171042085,0.030772991478443146,0.002901233034208417
968,0.0014591518556699157,0.031185941770672798,0.0029183037113398314
969,0.0014652593526989222,0.03080015629529953,0.0029305187053978443
970,0.0014537001261487603,0.031104320660233498,0.0029074002522975206
971,0.0014591725775972009,0.030878527089953423,0.0029183451551944017
972,0.0014653238467872143,0.031020984053611755,0.0029306476935744286
973,0.001442818669602275,0.03050795942544937,0.00288563733920455
974,0.0014444392872974277,0.03127565234899521,0.0028888785745948553
975,0.00146665854845196,0.031071452423930168,0.00293331709690392
976,0.0014625195180997252,0.030982347205281258,0.0029250390361994505
977,0.0014615897089242935,0.030848322436213493,0.002923179417848587
978,0.0014698619488626719,0.030849024653434753,0.0029397238977253437
979,0.0014744672225788236,0.030963698402047157,0.002948934445157647
980,0.0014639546861872077,0.03115912340581417,0.0029279093723744154
981,0.0014770643319934607,0.030608057975769043,0.0029541286639869213
982,0.00146951072383672,0.03091195598244667,0.00293902144767344
983,0.0014526123413816094,0.03091728687286377,0.002905224682763219
984,0.001435640500858426,0.030673619359731674,0.002871281001716852
985,0.0014571590581908822,0.030561648309230804,0.0029143181163817644
986,0.0014671346871182323,0.03087969310581684,0.0029342693742364645
987,0.001429284457117319,0.030963271856307983,0.002858568914234638
988,0.0014674302656203508,0.030458595603704453,0.0029348605312407017
989,0.0014624455943703651,0.03117257170379162,0.0029248911887407303
990,0.001463055843487382,0.030991774052381516,0.002926111686974764
991,0.0014599409187212586,0.03067658469080925,0.0029198818374425173
992,0.0014734596479684114,0.030763231217861176,0.002946919295936823
993,0.0014520592521876097,0.03109191544353962,0.0029041185043752193
994,0.0014659138396382332,0.030663635581731796,0.0029318276792764664
995,0.0014588291523978114,0.030596718192100525,0.002917658304795623
996,0.0014716917648911476,0.03120437264442444,0.0029433835297822952
997,0.0014238936128094792,0.030785441398620605,0.0028477872256189585
998,0.0014426079578697681,0.030897507444024086,0.0028852159157395363
999,0.001440261141397059,0.031068261712789536,0.002880522282794118
